|positive|,2019-02-11 ,b' RT @UHDTrader: $FUSZD - Resistance at $12 Broken on Strong Volume &amp; $1.5 Million in Accumulated Shares!  @salesforce @Microsoft #Partnershi\xe2\x80\xa6',2.0
|positive|,2019-02-11 ,b' RT @UHDTrader: $FUSZD - Resistance at $12 Broken on Strong Volume &amp; $1.5 Million in Accumulated Shares!  @salesforce @Microsoft #Partnershi\xe2\x80\xa6',2.0
|positive|,2019-02-11 ,b' RT @UHDTrader: $FUSZD - Resistance at $12 Broken on Strong Volume &amp; $1.5 Million in Accumulated Shares!  @salesforce @Microsoft #Partnershi\xe2\x80\xa6',2.0
|positive|,2019-02-11 ,b' RT @UHDTrader: $FUSZD - Resistance at $12 Broken on Strong Volume &amp; $1.5 Million in Accumulated Shares!  @salesforce @Microsoft #Partnershi\xe2\x80\xa6',2.0
|positive|,2019-02-11 ,b' RT @UHDTrader: $FUSZD - Resistance at $12 Broken on Strong Volume &amp; $1.5 Million in Accumulated Shares!  @salesforce @Microsoft #Partnershi\xe2\x80\xa6',2.0
|neutral|,2019-02-11 ,b' @Roth_Trader this post was feb 2 nd  $msft rallied almost 5% then pulled back',0.0
|positive|,2019-02-11 ,b' $FUSZD - Resistance at $12 Broken on Strong Volume &amp; $1.5 Million in Accumulated Shares!  @salesforce @Microsoft\xe2\x80\xa6 https://t.co/mLdtA8Jzkn',2.0
|neutral|,2019-02-11 ,b' Everything seems to be turning down AH $ES  $AAPL $AMZN $MSFT $FB $GOOGL',0.0
|positive|,2019-02-11 ,b' \xf0\x9f\x92\xaf\xf0\x9f\x94\x9b\xf0\x9f\x96\xa5@Microsoft: Microsoft: 70 percent of all security bugs are memory safety issues https://t.co/9nFSzlG4jo $MSFT\xe2\x80\xa6 https://t.co/5aqQe3WPWL',1.0
|neutral|,2019-02-11 ,"b' Dan Loeb buys Cigna and sells Alibaba, Microsoft, Netflix  https://t.co/I7bp2JWerp $nflx $msft $baba'",0.0
|neutral|,2019-02-11 ,b' RT @THValueCap: #cloud #aws #azure #GCP $AMZN $GOOGL $MSFT $BABA $ORCL https://t.co/OreuYo3pm1',0.0
|positive|,2019-02-11 ,b' RT @GetInEarly: \xf0\x9f\x8e\xaf$FUSZD Finishes Today 100% BUY RATING &amp; Top 1% Of Stocks!\xf0\x9f\x8e\xaf \xf0\x9f\x91\x89See Here -&gt; https://t.co/qF5JBkIkcy \xf0\x9f\x92\x8ePre-NASDAQ Listing (THIS\xe2\x80\xa6',2.0
|positive|,2019-02-11 ,b' RT @GetInEarly: \xf0\x9f\x8e\xaf$FUSZD Finishes Today 100% BUY RATING &amp; Top 1% Of Stocks!\xf0\x9f\x8e\xaf \xf0\x9f\x91\x89See Here -&gt; https://t.co/qF5JBkIkcy \xf0\x9f\x92\x8ePre-NASDAQ Listing (THIS\xe2\x80\xa6',2.0
|positive|,2019-02-11 ,"b"" RT @WallStJesus: \xf0\x9f\x8c\xa1MONDAY'S ORDER FLOW SENTIMENT IN ACTIVE NAMES: $AAPL $NVDA $BA $TSLA $FB $SNAP $TWTR $ATVI $MU $SQ $BAC $NFLX $AMAT $AMD\xe2\x80\xa6""",1.0
|positive|,2019-02-11 ,b' RT @GetInEarly: \xf0\x9f\x8e\xaf$FUSZD Finishes Today 100% BUY RATING &amp; Top 1% Of Stocks!\xf0\x9f\x8e\xaf \xf0\x9f\x91\x89See Here -&gt; https://t.co/qF5JBkIkcy \xf0\x9f\x92\x8ePre-NASDAQ Listing (THIS\xe2\x80\xa6',2.0
|positive|,2019-02-11 ,b' RT @GetInEarly: \xf0\x9f\x8e\xaf$FUSZD Finishes Today 100% BUY RATING &amp; Top 1% Of Stocks!\xf0\x9f\x8e\xaf \xf0\x9f\x91\x89See Here -&gt; https://t.co/qF5JBkIkcy \xf0\x9f\x92\x8ePre-NASDAQ Listing (THIS\xe2\x80\xa6',2.0
|positive|,2019-02-11 ,b' \xf0\x9f\x8e\xaf$FUSZD Finishes Today 100% BUY RATING &amp; Top 1% Of Stocks!\xf0\x9f\x8e\xaf \xf0\x9f\x91\x89See Here -&gt; https://t.co/qF5JBkIkcy \xf0\x9f\x92\x8ePre-NASDAQ Listin\xe2\x80\xa6 https://t.co/ipsg5x23X4',2.0
|positive|,2019-02-11 ,"b' Q: Out of these technology companies, what is your favorite? $GOOG $AMZN $AAPL $FB $MSFT $PYPL $SNAP https://t.co/up9wspOjWu'",2.0
|positive|,2019-02-11 ,"b"" RT @WallStJesus: \xf0\x9f\x8c\xa1MONDAY'S ORDER FLOW SENTIMENT IN ACTIVE NAMES: $AAPL $NVDA $BA $TSLA $FB $SNAP $TWTR $ATVI $MU $SQ $BAC $NFLX $AMAT $AMD\xe2\x80\xa6""",1.0
|positive|,2019-02-11 ,"b' RT @aaaamhim: $IRNC 045 DO U LIKE MONEY? Was $3 months ago, INSIDERS own 66%!\xf0\x9f\x92\xb8 $AAPL $CLDX $INTC $AMZN $MSFT $AKAM $CMCSA $PFE $MU $NFLX $N\xe2\x80\xa6'",2.0
|positive|,2019-02-11 ,b' RT @Digital_Wealth_: Paul Tudor Jones II @justcapital_ ranks $MSFT $INTC and $GOOG as top socially responsible corporations in America. #In\xe2\x80\xa6',4.0
|neutral|,2019-02-11 ,"b' RT @aaaamhim: $IRNC 0475 UNKNOWN to 99% of traders, was 40 cents a month ago. INSIDERS own 66%!\xe2\x9c\x88\xf0\x9f\x92\xb8\xf0\x9f\x8d\xbe $RDUS $UTHR $PTLA $OPK $GLPG $ARWR $ONCS\xe2\x80\xa6'",0.0
|positive|,2019-02-11 ,"b' RT @aaaamhim: $IRNC 045 DO U LIKE MONEY? Was $3 months ago, INSIDERS own 66%!\xf0\x9f\x92\xb8 $AAPL $CLDX $INTC $AMZN $MSFT $AKAM $CMCSA $PFE $MU $NFLX $N\xe2\x80\xa6'",2.0
|neutral|,2019-02-11 ,b' $MSFT breaks back below 20-day moving average: https://t.co/kORocza86i Sentiment: Neutral #MSFT #Microsoft',0.0
|neutral|,2019-02-11 ,b' $MSFT https://t.co/QEFQhONy19',0.0
|neutral|,2019-02-11 ,b' Microsoft teases HoloLens 2 launch https://t.co/FSTjWaZ2nk $MSFT',0.0
|positive|,2019-02-11 ,b' RT @HedgeFundTips: KEY TABLE NASDAQ EPS: Everything you need to know about NASDAQ top 30  weighted components Earnings Estimates/Revisions\xe2\x80\xa6',2.0
|positive|,2019-02-11 ,b' RT @HedgeFundTips: KEY TABLE NASDAQ EPS: Everything you need to know about NASDAQ top 30  weighted components Earnings Estimates/Revisions\xe2\x80\xa6',2.0
|neutral|,2019-02-11 ,b' RT @crabbermike: @stockstobuy $FUSZD https://t.co/liMFxiPqkw #stock #stocks #Investors #Investor #Traders #Investment #Investments #NASDAQ\xe2\x80\xa6',0.0
|neutral|,2019-02-11 ,b' $AAPL $GE $LLY $EA $TSLA $FB $TWTR $ATVI $NVDA $SNAP $AMD $MU $BABA $VALE $BAC $AMZN $SQ $NFLX $ACB $MSFT $BMY $DIS\xe2\x80\xa6 https://t.co/5uHHf0kKFN',0.0
|positive|,2019-02-11 ,"b"" RT @WallStJesus: \xf0\x9f\x8c\xa1MONDAY'S ORDER FLOW SENTIMENT IN ACTIVE NAMES: $AAPL $NVDA $BA $TSLA $FB $SNAP $TWTR $ATVI $MU $SQ $BAC $NFLX $AMAT $AMD\xe2\x80\xa6""",1.0
|neutral|,2019-02-11 ,b' $MSFT https://t.co/QhFNBFOWMZ',0.0
|neutral|,2019-02-11 ,b' RT @THValueCap: #cloud #aws #azure #GCP $AMZN $GOOGL $MSFT $BABA $ORCL https://t.co/OreuYo3pm1',0.0
|positive|,2019-02-11 ,b' Paul Tudor Jones II @justcapital_ ranks $MSFT $INTC and $GOOG as top socially responsible corporations in America.\xe2\x80\xa6 https://t.co/KOTrCMgX1H',4.0
|positive|,2019-02-11 ,b' RT @HedgeFundTips: KEY TABLE NASDAQ EPS: Everything you need to know about NASDAQ top 30  weighted components Earnings Estimates/Revisions\xe2\x80\xa6',2.0
|positive|,2019-02-11 ,"b"" RT @WallStJesus: \xf0\x9f\x8c\xa1MONDAY'S ORDER FLOW SENTIMENT IN ACTIVE NAMES: $AAPL $NVDA $BA $TSLA $FB $SNAP $TWTR $ATVI $MU $SQ $BAC $NFLX $AMAT $AMD\xe2\x80\xa6""",1.0
|positive|,2019-02-11 ,"b"" RT @WallStJesus: \xf0\x9f\x8c\xa1MONDAY'S ORDER FLOW SENTIMENT IN ACTIVE NAMES: $AAPL $NVDA $BA $TSLA $FB $SNAP $TWTR $ATVI $MU $SQ $BAC $NFLX $AMAT $AMD\xe2\x80\xa6""",1.0
|positive|,2019-02-11 ,"b"" RT @WallStJesus: \xf0\x9f\x8c\xa1MONDAY'S ORDER FLOW SENTIMENT IN ACTIVE NAMES: $AAPL $NVDA $BA $TSLA $FB $SNAP $TWTR $ATVI $MU $SQ $BAC $NFLX $AMAT $AMD\xe2\x80\xa6""",1.0
|positive|,2019-02-11 ,b' @nachkari This is a good point. Investors likely factoring in $GOOG $MSFT $AMZN $CRM $WDAY etc interest into the price.',4.0
|positive|,2019-02-11 ,"b"" RT @WallStJesus: \xf0\x9f\x8c\xa1MONDAY'S ORDER FLOW SENTIMENT IN ACTIVE NAMES: $AAPL $NVDA $BA $TSLA $FB $SNAP $TWTR $ATVI $MU $SQ $BAC $NFLX $AMAT $AMD\xe2\x80\xa6""",1.0
|positive|,2019-02-11 ,"b"" RT @WallStJesus: \xf0\x9f\x8c\xa1MONDAY'S ORDER FLOW SENTIMENT IN ACTIVE NAMES: $AAPL $NVDA $BA $TSLA $FB $SNAP $TWTR $ATVI $MU $SQ $BAC $NFLX $AMAT $AMD\xe2\x80\xa6""",1.0
|neutral|,2019-02-11 ,b' RT @THValueCap: #cloud #aws #azure #GCP $AMZN $GOOGL $MSFT $BABA $ORCL https://t.co/OreuYo3pm1',0.0
|positive|,2019-02-11 ,"b"" \xf0\x9f\x8c\xa1MONDAY'S ORDER FLOW SENTIMENT IN ACTIVE NAMES: $AAPL $NVDA $BA $TSLA $FB $SNAP $TWTR $ATVI $MU $SQ $BAC $NFLX\xe2\x80\xa6 https://t.co/vnubYA4pPC""",1.0
|neutral|,2019-02-11 ,"b"" Today's million dollar CALL #options trade: $AMAT $AMZN $EA $FB $GOOG $JPM $MSFT $NFLX $TWLO $V $WEC $CSCO $SQ $VZ\xe2\x80\xa6 https://t.co/rqmNjUWDqQ""",0.0
|negative|,2019-02-11 ,b' Today was a grind...missed moves in the a.m +$166 $AAPL $MU $SPI $MSFT https://t.co/hFCjROiZ6p',-2.0
|neutral|,2019-02-11 ,b' RT @crabbermike: @stockstobuy $FUSZD https://t.co/liMFxiPqkw #stock #stocks #Investors #Investor #Traders #Investment #Investments #NASDAQ\xe2\x80\xa6',0.0
|neutral|,2019-02-11 ,b' SLD 30 $MSFT @ 105.30',0.0
|neutral|,2019-02-11 ,b' RT @Preatorian91: $MSFT For plus 15% with GLOBAL TRADERS  reiss.trader @nourhammoury #daytrading #optionstrading  #stockstowatch https://t.\xe2\x80\xa6',0.0
|positive|,2019-02-11 ,b' RT @TheBurdetteLawF: #estate asset watch - top money flow Monday ( price x volume traced ) $AMZN $EA $AAPL $TSLA $NFLX $NVDA $ATVI $FB $MSF\xe2\x80\xa6',4.0
|positive|,2019-02-11 ,b' #estate asset watch - top money flow Monday ( price x volume traced ) $AMZN $EA $AAPL $TSLA $NFLX $NVDA $ATVI $FB\xe2\x80\xa6 https://t.co/ReqVL6JGG1',4.0
|neutral|,2019-02-11 ,"b' RT @aaaamhim: $IRNC 0475 UNKNOWN to 99% of traders, was 40 cents a month ago. INSIDERS own 66%!\xe2\x9c\x88\xf0\x9f\x92\xb8\xf0\x9f\x8d\xbe $RDUS $UTHR $PTLA $OPK $GLPG $ARWR $ONCS\xe2\x80\xa6'",0.0
|positive|,2019-02-11 ,"b' RT @aaaamhim: $IRNC 045 DO U LIKE MONEY? Was $3 months ago, INSIDERS own 66%!\xf0\x9f\x92\xb8 $AAPL $CLDX $INTC $AMZN $MSFT $AKAM $CMCSA $PFE $MU $NFLX $N\xe2\x80\xa6'",2.0
|positive|,2019-02-11 ,b' #estate asset watch - most active stocks Monday - $GE $AMD $ATVI $VALE $EA $ECA $ACB $BAC $SNAP $MU $F $CRON $TWTR\xe2\x80\xa6 https://t.co/Iy1cIqP1uc',3.0
|negative|,2019-02-11 ,b' RT @GetInEarly: \xe2\x99\xa5$FUSZD Short Squeeze Alert!   \xe2\x99\xa5Up 34% on $680k Traded In     1st 90 Minutes!  \xe2\x99\xa5Get In On The Burn! \xe2\x99\xa5NASDAQ Uplist This Mon\xe2\x80\xa6',-1.0
|negative|,2019-02-11 ,"b' RT @GetInEarly: What does a NASDAQ Listing mean for $FUSZD, VERB Technologies?  \xf0\x9f\x92\x8eAccess To Traditional Debt Facilities (no slimy convertibl\xe2\x80\xa6'",-3.0
|neutral|,2019-02-11 ,b' RT @crabbermike: @stockstobuy $FUSZD https://t.co/liMFxiPqkw #stock #stocks #Investors #Investor #Traders #Investment #Investments #NASDAQ\xe2\x80\xa6',0.0
|positive|,2019-02-11 ,"b' Eyes on $TSLA around $300-$320 levels. Once it makes a strong base and I see a better daily, weekly and monthly bul\xe2\x80\xa6 https://t.co/UOxRbWm05D'",4.0
|positive|,2019-02-11 ,"b' RT @StockTweetsHQ: In The Cards_ATACAMA RESOURCES $ACRL Share Price To Rise As Nationwide Exposure Coming With ""CNNMoney"" Segment Next Tues\xe2\x80\xa6'",1.0
|positive|,2019-02-11 ,b' KEY TABLE NASDAQ EPS: Everything you need to know about NASDAQ top 30  weighted components Earnings Estimates/Revis\xe2\x80\xa6 https://t.co/rS8ioNBLUA',2.0
|positive|,2019-02-11 ,b' Carlton Hofferkamp &amp; Jenks Wealth Management Continues to Hold Position in Coca Cola Company $KO; Microsoft $MSFT H\xe2\x80\xa6 https://t.co/RGUXXYHWUN',3.0
|neutral|,2019-02-11 ,b' RT @Futurist_Invest: Oh boy! Microsoft $MSFT teases HoloLens 2!!  #Microsoft #AR #VR #AugmentedReality #MixedReality #Wearables #wearablete\xe2\x80\xa6',0.0
|positive|,2019-02-11 ,b' 5g $xlnx and chip $amd strong  Fin tech paypal(Venmo) &amp; $ma solid.  Semi\xe2\x80\x99s trouble b/c $nvda however doesn\xe2\x80\x99t define\xe2\x80\xa6 https://t.co/dYZJ3IcA7h',2.0
|neutral|,2019-02-11 ,b' Microsoft $MSFT Market Valuation Declined While Alpha Cubed Investments Decreased Its Position; As Skyworks Solutio\xe2\x80\xa6 https://t.co/zJUIGUGFrN',0.0
|neutral|,2019-02-11 ,b' Hengehold Capital Management Increases Holding in Ford Mtr Co Del $F; Zuckerman Investment Group Trimmed Its Micros\xe2\x80\xa6 https://t.co/9kdxdtgShU',0.0
|neutral|,2019-02-11 ,b' RT @crabbermike: @stockstobuy $FUSZD https://t.co/liMFxiPqkw #stock #stocks #Investors #Investor #Traders #Investment #Investments #NASDAQ\xe2\x80\xa6',0.0
|positive|,2019-02-11 ,"b' RT @realsheepwolf: \xf0\x9f\xa6\x84 $FUSZD MAKE SURE YOU ARE IN THE ""KNOW"" \xf0\x9f\x91\x89CLICK THE PIC BELOW FOR THE ROAD TO NASDAQ  #OPPORTUNITY #millionairemindset\xe2\x80\xa6'",2.0
|positive|,2019-02-11 ,b' RT @FoolMCochrane: This is a great breakdown of the #Cloud companies. $MSFT $AMZN $GOOG $GOOGL $IBM $CRM $WDAY https://t.co/qRuT3paaYX',3.0
|neutral|,2019-02-11 ,b' RT @THValueCap: #cloud #aws #azure #GCP $AMZN $GOOGL $MSFT $BABA $ORCL https://t.co/OreuYo3pm1',0.0
|positive|,2019-02-11 ,b' 200 DMA Support today: $MSFT ... https://t.co/LjP7KUcNnp',2.0
|positive|,2019-02-11 ,b' Weekly Stock Market Review: Week #7 Top Stock Picks  https://t.co/6oajoDgYVg  #stockstowatch $MSFT $MU $NFLX $AAPL\xe2\x80\xa6 https://t.co/DlLNaT75uY',2.0
|neutral|,2019-02-11 ,b' Microsoft teases HoloLens 2 launch $MSFT https://t.co/ng8djovM5C',0.0
|positive|,2019-02-11 ,"b' As Microsoft $MSFT Stock Declined, Overbrook Management Has Raised Its Holding by $9.61 Million; Bath Savings Trust\xe2\x80\xa6 https://t.co/YiW3c1A7t7'",1.0
|positive|,2019-02-11 ,"b' As Idexx Laboratories Com $IDXX Shares Declined, Sandhill Capital Partners Trimmed by $2.62 Million Its Position; A\xe2\x80\xa6 https://t.co/PmKw06oucT'",1.0
|positive|,2019-02-11 ,"b' $IRNC 045 DO U LIKE MONEY? Was $3 months ago, INSIDERS own 66%!\xf0\x9f\x92\xb8 $AAPL $CLDX $INTC $AMZN $MSFT $AKAM $CMCSA $PFE\xe2\x80\xa6 https://t.co/WWq4SiKwYG'",2.0
|neutral|,2019-02-11 ,"b' $IRNC 0475 UNKNOWN to 99% of traders, was 40 cents a month ago. INSIDERS own 66%!\xe2\x9c\x88\xf0\x9f\x92\xb8\xf0\x9f\x8d\xbe $RDUS $UTHR $PTLA $OPK $GLPG\xe2\x80\xa6 https://t.co/6WdiXweV9s'",0.0
|positive|,2019-02-11 ,b' Golub Group Trimmed Its Microsoft $MSFT Position; Chart Industries $GTLS Sellers Increased By 5.14% Their Shorts https://t.co/slxvNp5igo',1.0
|neutral|,2019-02-11 ,"b' As Microsoft $MSFT Market Valuation Declined, Zwj Investment Counsel Lowered Its Holding; Broadridge Financial Solu\xe2\x80\xa6 https://t.co/RI6ohWXQrQ'",0.0
|neutral|,2019-02-11 ,"b' RT @realsheepwolf: $FUSZD, The #NASDAQ Clock Is Ticking. Ringing the NASDAQ Bell This Month! Partnered with: $MSFT, $CRM, $ORCL, $FB, $SAP,\xe2\x80\xa6'",0.0
|neutral|,2019-02-11 ,b' Birmingham Capital Management Co Continues to Hold Position in Metlife         Com $MET; Microsoft $MSFT Stake Has\xe2\x80\xa6 https://t.co/mcA39NlGOA',0.0
|neutral|,2019-02-11 ,"b' ViewRay, Inc. $VRAY Analysts See $-0.22 EPS; Main Street Research Upped Microsoft $MSFT Position https://t.co/LX7AGxpR3g'",0.0
|neutral|,2019-02-11 ,b' #cloud #aws #azure #GCP $AMZN $GOOGL $MSFT $BABA $ORCL https://t.co/OreuYo3pm1',0.0
|neutral|,2019-02-11 ,"b"" RT @techeblog: #Microsoft #HoloLens2 teased ahead of #MWC19, could use Qualcomm's 850 ARM processor. https://t.co/dm9deJqRkb #gadgets #tech\xe2\x80\xa6""",0.0
|positive|,2019-02-11 ,b' RT @FoolMCochrane: This is a great breakdown of the #Cloud companies. $MSFT $AMZN $GOOG $GOOGL $IBM $CRM $WDAY https://t.co/qRuT3paaYX',3.0
|neutral|,2019-02-11 ,"b"" RT @techeblog: #Microsoft #HoloLens2 teased ahead of #MWC19, could use Qualcomm's 850 ARM processor. https://t.co/dm9deJqRkb #gadgets #tech\xe2\x80\xa6""",0.0
|negative|,2019-02-11 ,"b' RT @GetInEarly: What does a NASDAQ Listing mean for $FUSZD, VERB Technologies?  \xf0\x9f\x92\x8eAccess To Traditional Debt Facilities (no slimy convertibl\xe2\x80\xa6'",-3.0
|neutral|,2019-02-11 ,"b"" RT @techeblog: #Microsoft #HoloLens2 teased ahead of #MWC19, could use Qualcomm's 850 ARM processor. https://t.co/dm9deJqRkb #gadgets #tech\xe2\x80\xa6""",0.0
|neutral|,2019-02-11 ,"b"" RT @techeblog: #Microsoft #HoloLens2 teased ahead of #MWC19, could use Qualcomm's 850 ARM processor. https://t.co/dm9deJqRkb #gadgets #tech\xe2\x80\xa6""",0.0
|neutral|,2019-02-11 ,"b"" RT @techeblog: #Microsoft #HoloLens2 teased ahead of #MWC19, could use Qualcomm's 850 ARM processor. https://t.co/dm9deJqRkb #gadgets #tech\xe2\x80\xa6""",0.0
|neutral|,2019-02-11 ,"b"" RT @techeblog: #Microsoft #HoloLens2 teased ahead of #MWC19, could use Qualcomm's 850 ARM processor. https://t.co/dm9deJqRkb #gadgets #tech\xe2\x80\xa6""",0.0
|neutral|,2019-02-11 ,b' RT @UHDTrader: $FUSZD - \xf0\x9f\xa7\xa8Partnerships W/ @Microsoft @salesforce @Oracle @NetSuite @Adobe @marketo @Gartner_inc @Odoo @facebook @Instapage @\xe2\x80\xa6',0.0
|neutral|,2019-02-11 ,"b"" RT @techeblog: #Microsoft #HoloLens2 teased ahead of #MWC19, could use Qualcomm's 850 ARM processor. https://t.co/dm9deJqRkb #gadgets #tech\xe2\x80\xa6""",0.0
|neutral|,2019-02-11 ,"b' RT @realsheepwolf: $FUSZD, The #NASDAQ Clock Is Ticking. Ringing the NASDAQ Bell This Month! Partnered with: $MSFT, $CRM, $ORCL, $FB, $SAP,\xe2\x80\xa6'",0.0
|neutral|,2019-02-11 ,"b"" RT @techeblog: #Microsoft #HoloLens2 teased ahead of #MWC19, could use Qualcomm's 850 ARM processor. https://t.co/dm9deJqRkb #gadgets #tech\xe2\x80\xa6""",0.0
|positive|,2019-02-11 ,b' This is a great breakdown of the #Cloud companies. $MSFT $AMZN $GOOG $GOOGL $IBM $CRM $WDAY https://t.co/qRuT3paaYX',3.0
|neutral|,2019-02-11 ,"b"" RT @techeblog: #Microsoft #HoloLens2 teased ahead of #MWC19, could use Qualcomm's 850 ARM processor. https://t.co/dm9deJqRkb #gadgets #tech\xe2\x80\xa6""",0.0
|neutral|,2019-02-11 ,"b"" #Microsoft #HoloLens2 teased ahead of #MWC19, could use Qualcomm's 850 ARM processor. https://t.co/dm9deJqRkb\xe2\x80\xa6 https://t.co/jb9nzGzvze""",0.0
|negative|,2019-02-11 ,"b' RT @GetInEarly: What does a NASDAQ Listing mean for $FUSZD, VERB Technologies?  \xf0\x9f\x92\x8eAccess To Traditional Debt Facilities (no slimy convertibl\xe2\x80\xa6'",-3.0
|positive|,2019-02-11 ,"b' RT @realsheepwolf: \xf0\x9f\xa6\x84 $FUSZD MAKE SURE YOU ARE IN THE ""KNOW"" \xf0\x9f\x91\x89CLICK THE PIC BELOW FOR THE ROAD TO NASDAQ  #OPPORTUNITY #millionairemindset\xe2\x80\xa6'",2.0
|neutral|,2019-02-11 ,b' RT @UHDTrader: $FUSZD - \xf0\x9f\xa7\xa8Partnerships W/ @Microsoft @salesforce @Oracle @NetSuite @Adobe @marketo @Gartner_inc @Odoo @facebook @Instapage @\xe2\x80\xa6',0.0
|neutral|,2019-02-11 ,"b' RT @realsheepwolf: $FUSZD, The #NASDAQ Clock Is Ticking. Ringing the NASDAQ Bell This Month! Partnered with: $MSFT, $CRM, $ORCL, $FB, $SAP,\xe2\x80\xa6'",0.0
|neutral|,2019-02-12 ,"b' Market traders checkout this trade taken inside #TRICKTRADES by members, over 3 points on this quality setup, trade\xe2\x80\xa6 https://t.co/nIISp8DLyL'",0.0
|neutral|,2019-02-12 ,b' RT @NorbertElekes: Wealthiest people in the world  9. Larry Page   $GOOGL 8. Mark Zuckerberg $FB 7. Larry Ellison $ORCL 6. Amancio Ortega $\xe2\x80\xa6',0.0
|neutral|,2019-02-12 ,"b' LinkedIn debuts LinkedIn Live, a new live video broadcast service https://t.co/eXhkCJvCZw $MSFT https://t.co/sv3n2eVF1c'",0.0
|neutral|,2019-02-12 ,b' RT @davidmoadel: $SPX $VIX $MSFT $UVXY $SPY $QQQ $AAPL $CRON $FB $AMZN $TNX $XLF $XLK $XLE $TVIX $SVXY $VXXB $TWTR $TSLA $SNAP $TLT $BTC $N\xe2\x80\xa6',0.0
|neutral|,2019-02-12 ,b' #rally day $GOOGL $FB $JPM $C $BAC $WFC $AAPL $PM $PG $GE $HON $JNJ $CSCO $MSFT $INTC $TWTR $TSLA $V $DIS $UNH $VZ\xe2\x80\xa6 https://t.co/M9UASbGjTO',0.0
|positive|,2019-02-12 ,"b' Taking a look at $MSFT #IncomeStatement: Net Income has increased compared to past years, but Q/Q seems to flat out\xe2\x80\xa6 https://t.co/YqzvFF5K5S'",1.0
|neutral|,2019-02-12 ,b' $MSFT https://t.co/cVzc1Ji8MM',0.0
|negative|,2019-02-12 ,"b"" Bill Gates: 'Extreme' Politicians Pushing For 70% Tax Rate Are 'Missing The Picture' https://t.co/StHx7hdjBe $MSFT $SPY  via @benzinga""",-2.0
|positive|,2019-02-12 ,b' Daniel Loeb Parts Ways With United Technologies in 4th Quarter - https://t.co/AVW6OH9iOW https://t.co/hU0vCWLpsy\xe2\x80\xa6 https://t.co/oXOlkEWmtD',1.0
|neutral|,2019-02-12 ,b' $MSFT https://t.co/zUxfzdVeOd',0.0
|neutral|,2019-02-12 ,"b' RT @aaaamhim: $IRNC party started $3 months ago, ran from 03-.14 2wks ago INSIDERS own 66%! $AAPL $CLDX $INTC $AMZN $MSFT $AKAM $CMCSA $PFE\xe2\x80\xa6'",0.0
|positive|,2019-02-12 ,"b' The network time bug affects $MSFT and Linux. I would submit it, but nobody at @Microsoft seems to care. Also, you\xe2\x80\xa6 https://t.co/3gITqNtFVt'",2.0
|positive|,2019-02-12 ,b' Short sale vol (not short interest) for $AAPL on 2019-02-11 is 47%. https://t.co/b9AoY6ok4G $IBM 42% $MSFT 41% $HPQ 62% $NOK 69%',1.0
|neutral|,2019-02-12 ,b' Third Point\xe2\x80\x99s sells outweigh its buys https://t.co/2KEUJWixMM  $UTX $BABA $MSFT https://t.co/n253GSATIp',0.0
|positive|,2019-02-12 ,b' U.S. #Technology Sector Setting Up for a Momentum Breakout Move....Here are a number of news factors which support\xe2\x80\xa6 https://t.co/73n4WemkXb',2.0
|positive|,2019-02-12 ,b' From today. $AAPL is very smart about this.  $MSFT didn\xe2\x80\x99t have protective moat. https://t.co/wyfSb38FMb',1.0
|positive|,2019-02-12 ,b' RT @realsheepwolf: \xf0\x9f\xa6\x84 $FUSZD: MAKING A STRONG MOVE BACK UP THE CHART \xe2\x9c\x85HUGE GLOBAL PARTNERS @Microsoft @salesforce @Oracle @Adobe  \xe2\x9c\x85UPLISTING\xe2\x80\xa6',3.0
|positive|,2019-02-12 ,"b' RT @vulken17: $DRUS Great comprehensive updates. Restructed debt, increasing margins of 25%, with an upcoming symbol cusip change hence a m\xe2\x80\xa6'",3.0
|positive|,2019-02-12 ,"b' RT @vulken17: $DRUS Great comprehensive updates. Restructed debt, increasing margins of 25%, with an upcoming symbol cusip change hence a m\xe2\x80\xa6'",3.0
|neutral|,2019-02-12 ,"b' $MSFT - ""Increasingly, Azure\'s pipeline is balanced between net new and migration, and Microsoft is now seeing the\xe2\x80\xa6 https://t.co/Tegkap8N3u'",0.0
|negative|,2019-02-12 ,b' $MSFT still stuck within tight trading range: https://t.co/cQt1eJeVgI Sentiment: Neutral #MSFT #Microsoft',-2.0
|negative|,2019-02-12 ,b' Day 29 small account options challenge. Finally out of the loosing $MSFT trade for a 51% loss. That took a hit on m\xe2\x80\xa6 https://t.co/qCaPGzaXzn',-4.0
|positive|,2019-02-12 ,b' $MSFT $GS Google&amp;aposs New Cloud Boss Targets Old Issue: Selling to Big Firms via https://t.co/jURZDymPXI',1.0
|positive|,2019-02-12 ,b' Weekly Stock Market Review: Week #7 Top Stock Picks  https://t.co/4m8ovplDOo  #stockstowatch $MSFT $MU $NFLX $AAPL\xe2\x80\xa6 https://t.co/eFEwfOyOeH',2.0
|positive|,2019-02-12 ,"b"" today was an utter grind. Will review MU trade as i should've held the few thousand shares i had for a bigger gain\xe2\x80\xa6 https://t.co/6MNXd7B73g""",3.0
|positive|,2019-02-12 ,b' U.S. #Technology Sector Setting Up for a Momentum Breakout Move....Here are a number of news factors which support\xe2\x80\xa6 https://t.co/RP27d1JQHr',2.0
|positive|,2019-02-12 ,b' RT @realsheepwolf: \xf0\x9f\xa6\x84 $FUSZD MERGING WITH SOUND CONCEPTS THIS MONTH \xe2\x9c\x85$15M REVENUE \xe2\x9c\x85CASH FLOW POSITIVE~~CLEAN BALANCE SHEET \xe2\x9c\x85O/S=12.2M \xe2\x9c\x85UPLIS\xe2\x80\xa6',4.0
|positive|,2019-02-12 ,b' RT @realsheepwolf: \xf0\x9f\xa6\x84 $FUSZD MERGING WITH SOUND CONCEPTS THIS MONTH \xe2\x9c\x85$15M REVENUE \xe2\x9c\x85CASH FLOW POSITIVE~~CLEAN BALANCE SHEET \xe2\x9c\x85O/S=12.2M \xe2\x9c\x85UPLIS\xe2\x80\xa6',4.0
|neutral|,2019-02-12 ,b' RT @Drugdoctor2014: $IBGR.009 is Red Hot this week! App is about to launch! $AMZN $TSLA $WMT $TGT $NVDA $SPY $GLD $EBAY $AAPL $FB $TWTR $GS\xe2\x80\xa6',0.0
|positive|,2019-02-12 ,b' RT @GaryThomson14: Weekly Stock Market Review: Week #7 Top Stock Picks  https://t.co/fWL5f7qjau  #stockstowatch $MSFT $MU $NFLX $AAPL $NVDA\xe2\x80\xa6',2.0
|positive|,2019-02-12 ,"b' RT @vulken17: $DRUS Great comprehensive updates. Restructed debt, increasing margins of 25%, with an upcoming symbol cusip change hence a m\xe2\x80\xa6'",3.0
|neutral|,2019-02-12 ,b' RT @Drugdoctor2014: $IBGR.009 is Red Hot this week! App is about to launch! $AMZN $TSLA $WMT $TGT $NVDA $SPY $GLD $EBAY $AAPL $FB $TWTR $GS\xe2\x80\xa6',0.0
|positive|,2019-02-12 ,b' Weekly Stock Market Review: Week #7 Top Stock Picks  https://t.co/fWL5f7qjau  #stockstowatch $MSFT $MU $NFLX $AAPL\xe2\x80\xa6 https://t.co/UeCSnXxRgi',2.0
|neutral|,2019-02-12 ,b' RT @Drugdoctor2014: $IBGR.009 is Red Hot this week! App is about to launch! $AMZN $TSLA $WMT $TGT $NVDA $SPY $GLD $EBAY $AAPL $FB $TWTR $GS\xe2\x80\xa6',0.0
|neutral|,2019-02-12 ,b' RT @theflynews: REPORT: California governor eyes new data dividend $AMZN $GOOG $GOOGL $MSFT $TWTR $AAPL $IBM $INTC $FB $ORCL https://t.co/6\xe2\x80\xa6',0.0
|positive|,2019-02-12 ,"b' Financial Advantage Stake in Kinder Morgan $KMI Trimmed by $440,504; As Microsoft $MSFT Stock Value Declined, Mitch\xe2\x80\xa6 https://t.co/ykaMqXkpTB'",4.0
|positive|,2019-02-12 ,"b"" That was a pretty weak attempt at a Stick Save.  I'm HOLDING 100% SHORT overnight and have posted charts &amp; commenta\xe2\x80\xa6 https://t.co/T59gej4yCx""",1.0
|negative|,2019-02-12 ,"b' Violich Capital Management Lowered By $721,620 Its Microsoft $MSFT Stake; Yorktown Management &amp; Research Co Has Cut\xe2\x80\xa6 https://t.co/ShzzClziwc'",-1.0
|neutral|,2019-02-12 ,b' Ehealth $EHTH Holder Cannell Capital Has Decreased Its Holding by $10.96 Million as Valuation Rose; Capital Advisor\xe2\x80\xa6 https://t.co/NbQbcaH1jh',0.0
|positive|,2019-02-12 ,"b' RT @vulken17: $DRUS Great comprehensive updates. Restructed debt, increasing margins of 25%, with an upcoming symbol cusip change hence a m\xe2\x80\xa6'",3.0
|neutral|,2019-02-12 ,"b' RT @christicash11: @mwlewan30 @MENHSK IMO ~ Sound Concepts is Royal aquisition for sure ! \xe2\x9e\xa1\xef\xb8\x8f 1 of many, many reasons we will keep rising. W\xe2\x80\xa6'",0.0
|positive|,2019-02-12 ,b' RT @realsheepwolf: \xf0\x9f\xa6\x84 $FUSZD MERGING WITH SOUND CONCEPTS THIS MONTH \xe2\x9c\x85$15M REVENUE \xe2\x9c\x85CASH FLOW POSITIVE~~CLEAN BALANCE SHEET \xe2\x9c\x85O/S=12.2M \xe2\x9c\x85UPLIS\xe2\x80\xa6',4.0
|neutral|,2019-02-12 ,"b' RT @christicash11: @mwlewan30 @MENHSK IMO ~ Sound Concepts is Royal aquisition for sure ! \xe2\x9e\xa1\xef\xb8\x8f 1 of many, many reasons we will keep rising. W\xe2\x80\xa6'",0.0
|positive|,2019-02-12 ,b' #estate asset watch - top money flow Tuesday ( price x volume traded ) $AMZN $NFLX $AAPL $EA $MSFT $FB $NVDA $TSLA\xe2\x80\xa6 https://t.co/o0tBzsq5dV',4.0
|positive|,2019-02-12 ,b' RT @realsheepwolf: \xf0\x9f\xa6\x84 $FUSZD: MAKING A STRONG MOVE BACK UP THE CHART \xe2\x9c\x85HUGE GLOBAL PARTNERS @Microsoft @salesforce @Oracle @Adobe  \xe2\x9c\x85UPLISTING\xe2\x80\xa6',3.0
|positive|,2019-02-12 ,"b' RT @realsheepwolf: $FUSZD: FOLKS NEED TO OPEN THEIR EYES, THE GREATEST TECH DISRUPTOR IN YEARS IS RIGHT HERE \xe2\x9c\x85O/S ONLY 12.2M \xe2\x9c\x85 52 WEEK HIGH\xe2\x80\xa6'",3.0
|positive|,2019-02-12 ,b' RT @crabbermike: $FUSZD @VerbTech_Co #taggCRM With Huge Partners &amp; ex #CIO of #Microsoft $JPM Managing Director on #Advisory AS WELL AS #SH\xe2\x80\xa6',1.0
|positive|,2019-02-12 ,b' RT @realsheepwolf: \xf0\x9f\xa6\x84 $FUSZD MERGING WITH SOUND CONCEPTS THIS MONTH \xe2\x9c\x85$15M REVENUE \xe2\x9c\x85CASH FLOW POSITIVE~~CLEAN BALANCE SHEET \xe2\x9c\x85O/S=12.2M \xe2\x9c\x85UPLIS\xe2\x80\xa6',4.0
|positive|,2019-02-12 ,b' U.S. #Technology Sector Setting Up for a Momentum Breakout Move....Here are a number of news factors which support\xe2\x80\xa6 https://t.co/cti4tcZGWR',2.0
|neutral|,2019-02-12 ,"b' @mwlewan30 @MENHSK IMO ~ Sound Concepts is Royal aquisition for sure ! \xe2\x9e\xa1\xef\xb8\x8f 1 of many, many reasons we will keep risi\xe2\x80\xa6 https://t.co/Y2eNNJCmPH'",0.0
|neutral|,2019-02-12 ,"b' $GOOGL $AAPL $QCOM $MSFT:  As Apple and Google Compete in Augmented Reality, Each Has Distinct Strengths:  https://t.co/32qvUnYl55'",0.0
|positive|,2019-02-12 ,b' RT @Preatorian91: $MSFT 65% #winning Long for +55% morning and short for +10% midday at GLOBAL TRADERS with @nourhammoury  reiss.trader #da\xe2\x80\xa6',4.0
|neutral|,2019-02-12 ,b' RT @BoB2Trader: $SQ $TWTR Founder/CEO #JackDorsey: #CashApp #LightningNetwork #Bitcoin integration not an \xe2\x80\x98if\xe2\x80\x99 but a \xe2\x80\x98when\xe2\x80\x99... https://t.co\xe2\x80\xa6',0.0
|neutral|,2019-02-12 ,b' Stewart &amp; Patten Co Has Lowered Microsoft $MSFT Holding by $1.53 Million; Valuation Declined; Becker Capital Manage\xe2\x80\xa6 https://t.co/tuaFJcUDme',0.0
|neutral|,2019-02-12 ,b' RT @theflynews: REPORT: California governor eyes new data dividend $AMZN $GOOG $GOOGL $MSFT $TWTR $AAPL $IBM $INTC $FB $ORCL https://t.co/6\xe2\x80\xa6',0.0
|neutral|,2019-02-12 ,"b' RT @aaaamhim: $IRNC party started $3 months ago, ran from 03-.14 2wks ago INSIDERS own 66%! $AAPL $CLDX $INTC $AMZN $MSFT $AKAM $CMCSA $PFE\xe2\x80\xa6'",0.0
|neutral|,2019-02-12 ,"b' Guardian Capital Advisors LP Has Decreased Its Stake in Microsoft $MSFT by $717,360 as Stock Value Declined; Fideli\xe2\x80\xa6 https://t.co/ArSkkFIplz'",0.0
|neutral|,2019-02-12 ,b' RT @theflynews: REPORT: California governor eyes new data dividend $AMZN $GOOG $GOOGL $MSFT $TWTR $AAPL $IBM $INTC $FB $ORCL https://t.co/6\xe2\x80\xa6',0.0
|positive|,2019-02-12 ,b' Intel $INTC Shareholder Park National Boosted Holding; Microsoft $MSFT Holder Stonebridge Capital Management Has Tr\xe2\x80\xa6 https://t.co/veGGwzJLak',1.0
|positive|,2019-02-12 ,"b' RT @vulken17: $DRUS Great comprehensive updates. Restructed debt, increasing margins of 25%, with an upcoming symbol cusip change hence a m\xe2\x80\xa6'",3.0
|neutral|,2019-02-12 ,b' RT @theflynews: REPORT: California governor eyes new data dividend $AMZN $GOOG $GOOGL $MSFT $TWTR $AAPL $IBM $INTC $FB $ORCL https://t.co/6\xe2\x80\xa6',0.0
|neutral|,2019-02-12 ,b' RT @theflynews: REPORT: California governor eyes new data dividend $AMZN $GOOG $GOOGL $MSFT $TWTR $AAPL $IBM $INTC $FB $ORCL https://t.co/6\xe2\x80\xa6',0.0
|neutral|,2019-02-12 ,b' REPORT: California governor eyes new data dividend $AMZN $GOOG $GOOGL $MSFT $TWTR $AAPL $IBM $INTC $FB $ORCL https://t.co/6f90b4OOvd',0.0
|positive|,2019-02-12 ,b' RT @realsheepwolf: \xf0\x9f\xa6\x84 $FUSZD MERGING WITH SOUND CONCEPTS THIS MONTH \xe2\x9c\x85$15M REVENUE \xe2\x9c\x85CASH FLOW POSITIVE~~CLEAN BALANCE SHEET \xe2\x9c\x85O/S=12.2M \xe2\x9c\x85UPLIS\xe2\x80\xa6',4.0
|positive|,2019-02-12 ,"b' RT @ipoguy: $FUSZD @VerbTech_Co #FastTrackToTheNasdaq ""I\'m interested in things that change the world or that affect the future and wondrou\xe2\x80\xa6'",2.0
|negative|,2019-02-12 ,b' RT @mcm_ct: the biggest tech names are NOT making highs with the indexes - this is a huge problem! $AAPL $GOOG $AMZN $MSFT https://t.co/S4v\xe2\x80\xa6',-1.0
|neutral|,2019-02-12 ,b' $DSCR $ORCL $FB $MSFT $TWTR $ADBE $AMFE $AMRN $OZK $PHUN $HMNY $SIRI $CVSI $GOPH $FMCC $FNMA $HEAR $QCOM $JCP $AMZN\xe2\x80\xa6 https://t.co/HVDXIUXYWa',0.0
|positive|,2019-02-12 ,"b' Royal Bank Of Scotland Group Plc Trimmed Position in Lazard LTD $LAZ by $479,760; Mitchell Capital Management Co Ha\xe2\x80\xa6 https://t.co/HeBv67gmnp'",2.0
|negative|,2019-02-12 ,"b"" Bill Gates: 'Extreme' Politicians Pushing For 70% Tax Rate Are 'Missing The Picture' https://t.co/59Dw7mkHo1 $MSFT $SPY  via @benzinga""",-2.0
|positive|,2019-02-12 ,"b"" RT @HCPG: We got stopped out of $AMD but looks like it's a go to swing $NFLX $LULU $GLW $MSFT $ROKU unless things crater in last 40mins""",1.0
|positive|,2019-02-12 ,"b' As Microsoft $MSFT Share Price Declined, Ami Asset Management Has Upped by $10.64 Million Its Position; Meristem Ll\xe2\x80\xa6 https://t.co/OH4V8HqE5V'",3.0
|positive|,2019-02-12 ,"b"" RT @HCPG: We got stopped out of $AMD but looks like it's a go to swing $NFLX $LULU $GLW $MSFT $ROKU unless things crater in last 40mins""",1.0
|positive|,2019-02-12 ,b' $MSFT 65% #winning Long for +55% morning and short for +10% midday at GLOBAL TRADERS with @nourhammoury  reiss.trad\xe2\x80\xa6 https://t.co/D2lsKRfYEO',4.0
|positive|,2019-02-12 ,b' Chartist Raised Its Microsoft $MSFT Holding; ONTEX GROUP NV ORDINARY SHARES BELGIUM $ONXXF Shorts Down By 0.92% https://t.co/VRtY7kkxNr',1.0
|positive|,2019-02-12 ,"b"" We got stopped out of $AMD but looks like it's a go to swing $NFLX $LULU $GLW $MSFT $ROKU unless things crater in last 40mins""",1.0
|neutral|,2019-02-12 ,"b' $IRNC party started $3 months ago, ran from 03-.14 2wks ago INSIDERS own 66%! $AAPL $CLDX $INTC $AMZN $MSFT $AKAM\xe2\x80\xa6 https://t.co/xFLcOqDjuy'",0.0
|neutral|,2019-02-12 ,"b"" $EA is blasting off end of day. Shorts are being squeezed... i guess they didn't see the reviews on this new game w\xe2\x80\xa6 https://t.co/4mBNZCQbM2""",0.0
|positive|,2019-02-12 ,b' \xf0\x9f\xa6\x84 $FUSZD MERGING WITH SOUND CONCEPTS THIS MONTH \xe2\x9c\x85$15M REVENUE \xe2\x9c\x85CASH FLOW POSITIVE~~CLEAN BALANCE SHEET \xe2\x9c\x85O/S=12.2M \xe2\x9c\x85\xe2\x80\xa6 https://t.co/AyEGgKyvds',4.0
|positive|,2019-02-12 ,b' At&amp;T $T Shareholder Security National Trust Co Decreased Holding as Share Value Declined; Woodstock Lowered Its Mic\xe2\x80\xa6 https://t.co/pMu1RhjZdH',2.0
|positive|,2019-02-12 ,b' U.S. #Technology Sector Setting Up for a Momentum Breakout Move....Here are a number of news factors which support\xe2\x80\xa6 https://t.co/Jp1EbmK7IZ',2.0
|neutral|,2019-02-12 ,b' $MSFT holding just above pDhi',0.0
|positive|,2019-02-12 ,"b' RT @vulken17: $DRUS Great comprehensive updates. Restructed debt, increasing margins of 25%, with an upcoming symbol cusip change hence a m\xe2\x80\xa6'",3.0
|positive|,2019-02-12 ,"b' RT @vulken17: $DRUS Great comprehensive updates. Restructed debt, increasing margins of 25%, with an upcoming symbol cusip change hence a m\xe2\x80\xa6'",3.0
|positive|,2019-02-12 ,b' #estate asset watch - most active stocks Tuesday - $AMD $GE $ECA $COTY $VALE $BAC $ACB $MU $UAA $SNAP $EA $NOK\xe2\x80\xa6 https://t.co/fLejHJgvpA',3.0
|positive|,2019-02-12 ,"b' BREAKING NEWS: Google Cloud $GOOD head, Thomas Kurian, states that the company is getting more aggressive w/ its ma\xe2\x80\xa6 https://t.co/lF99psDS5C'",1.0
|positive|,2019-02-12 ,b' RT @realsheepwolf: \xf0\x9f\xa6\x84 $FUSZD: MAKING A STRONG MOVE BACK UP THE CHART \xe2\x9c\x85HUGE GLOBAL PARTNERS @Microsoft @salesforce @Oracle @Adobe  \xe2\x9c\x85UPLISTING\xe2\x80\xa6',3.0
|positive|,2019-02-12 ,b' RT @realsheepwolf: \xf0\x9f\xa6\x84 $FUSZD: MAKING A STRONG MOVE BACK UP THE CHART \xe2\x9c\x85HUGE GLOBAL PARTNERS @Microsoft @salesforce @Oracle @Adobe  \xe2\x9c\x85UPLISTING\xe2\x80\xa6',3.0
|negative|,2019-02-12 ,"b"" $AMZN $MSFT New Google cloud boss Thomas Kurian warns, 'You will see us competing much more aggressively' https://t.co/aoBFfbueH9""",-2.0
|positive|,2019-02-12 ,b' RT @crabbermike: $FUSZD @VerbTech_Co #taggCRM With Huge Partners &amp; ex #CIO of #Microsoft $JPM Managing Director on #Advisory AS WELL AS #SH\xe2\x80\xa6',1.0
|positive|,2019-02-12 ,"b' RT @ipoguy: $FUSZD @VerbTech_Co #FastTrackToTheNasdaq ""I\'m interested in things that change the world or that affect the future and wondrou\xe2\x80\xa6'",2.0
|positive|,2019-02-12 ,b' RT @realsheepwolf: \xf0\x9f\xa6\x84 $FUSZD ON THE ROAD TO THE NASDAQ\xf0\x9f\x8f\x86PURE #UNICORN \xe2\x9d\x93WHEN IS THE LAST TIME YOUR OTC TICKER UPLISTED TO THE BIG BOARDS  $FUS\xe2\x80\xa6',1.0
|positive|,2019-02-12 ,b' Short sale volume (not short interest) for $AMJ on 2019-02-11 is 53%. https://t.co/mC3o3T06kN $UPRO 51% $PAYX 50% $MSFT 41% $SCZ 33%',1.0
|positive|,2019-02-12 ,"b' Taking a look at $MSFT #IncomeStatement. Gross Profit was increasing at a nice pace, but seems to flat the past 3 q\xe2\x80\xa6 https://t.co/JFkT1Tu5pm'",1.0
|negative|,2019-02-12 ,"b' $INTC has been basing for about 6+ months, when it goes its gonna pull  a $MSFT and shoot to the 100 mark, not to h\xe2\x80\xa6 https://t.co/a9ju1399YA'",-1.0
|positive|,2019-02-12 ,"b' RT @ipoguy: $FUSZD @VerbTech_Co #FastTrackToTheNasdaq ""I\'m interested in things that change the world or that affect the future and wondrou\xe2\x80\xa6'",2.0
|positive|,2019-02-12 ,"b"" I hope you're not short $MSFT ! It's coiled up above the moving averages. https://t.co/GSBiflpPzv""",2.0
|neutral|,2019-02-12 ,b' RT @Futurist_Invest: Microsofts $MSFT HoloLens has an app to trade the markets in #AugmentedReality !!!  #AR #virtualreality #VR #stocks #F\xe2\x80\xa6',0.0
|positive|,2019-02-12 ,"b' RT @vulken17: $DRUS Great comprehensive updates. Restructed debt, increasing margins of 25%, with an upcoming symbol cusip change hence a m\xe2\x80\xa6'",3.0
|neutral|,2019-02-12 ,b' RT @Barchart: Afternoon Price Volume Leaders $AMZN $AAPL $NFLX $EA $MSFT $FB $NVDA See the full list at https://t.co/gT09fRBUzS https://t.c\xe2\x80\xa6',0.0
|negative|,2019-02-12 ,b' Finally all out of $MSFT for a 50% loss. No more lotto trades on my small account challenge. All cash and ready for\xe2\x80\xa6 https://t.co/RvLSukiWUk',-5.0
|neutral|,2019-02-13 ,b' RT @UHDTrader: @DylanLuckyM @VerbTech_Co $FUSZD - @VerbTech_Co #TaggCRM App with 49 Five \xe2\xad\x90\xef\xb8\x8f\xe2\xad\x90\xef\xb8\x8f\xe2\xad\x90\xef\xb8\x8f\xe2\xad\x90\xef\xb8\x8f\xe2\xad\x90\xef\xb8\x8f User Reviews already on #Apple @AppStor\xe2\x80\xa6',0.0
|neutral|,2019-02-13 ,b' RT @UHDTrader: @DylanLuckyM @VerbTech_Co $FUSZD - @VerbTech_Co #TaggCRM App with 49 Five \xe2\xad\x90\xef\xb8\x8f\xe2\xad\x90\xef\xb8\x8f\xe2\xad\x90\xef\xb8\x8f\xe2\xad\x90\xef\xb8\x8f\xe2\xad\x90\xef\xb8\x8f User Reviews already on #Apple @AppStor\xe2\x80\xa6',0.0
|neutral|,2019-02-13 ,b' @DylanLuckyM @VerbTech_Co $FUSZD - @VerbTech_Co #TaggCRM App with 49 Five \xe2\xad\x90\xef\xb8\x8f\xe2\xad\x90\xef\xb8\x8f\xe2\xad\x90\xef\xb8\x8f\xe2\xad\x90\xef\xb8\x8f\xe2\xad\x90\xef\xb8\x8f User Reviews already on #Apple\xe2\x80\xa6 https://t.co/QLMLfNcWG3',0.0
|neutral|,2019-02-13 ,b' #LinkedIn adding live #videostreaming with assist from #Microsoft https://t.co/2620g21sGL #LinkedInLive\xe2\x80\xa6 https://t.co/x9HxBNWoAc',0.0
|neutral|,2019-02-13 ,b' $AAPL $LLY $GE $MU $CVE $NVDA $FB $NFLX $ATVI $CSCO $TWTR $BAC $AMZN $AMD $SNAP $ZNGA $TSLA $TWLO $FCX $BABA $VALE\xe2\x80\xa6 https://t.co/zwkMTqNbrk',0.0
|negative|,2019-02-13 ,"b' Wed (2/13/19) trading range % &lt; 10% (Min $5, Vol &gt; 750K, Opt Vol in any strike &gt; 500): $RIO $FCAU $FLR $GS $MGNX\xe2\x80\xa6 https://t.co/XQEelGpDS7'",-1.0
|negative|,2019-02-13 ,"b' @OptionsAction @RiskReversal Worst show ever last week.. these guys recommended $GOOGL puts, $MSFT puts and $IWM pu\xe2\x80\xa6 https://t.co/KIPKR0XtFW'",-1.0
|positive|,2019-02-13 ,"b' RT @alex: takes a lot of $ to build a pub cloud, but am happy to see lots of competition to do it well https://t.co/1PqVJmlBtj - with $AMZN\xe2\x80\xa6'",3.0
|neutral|,2019-02-13 ,b' RT @PDFStreaming: What is Microsoft Flow? https://t.co/WWGpgjBYQZ $MSFT #Microsoft #Flow #Cloud #Apps #Office',0.0
|positive|,2019-02-13 ,b' RT @MDTrades12: $QQQ interesting close above the major .618 at 170.70; but rejected off the 200d sma at 171.79 (hod = 172.16); tech faded a\xe2\x80\xa6',1.0
|neutral|,2019-02-13 ,b' RT @PDFStreaming: What is Microsoft Flow? https://t.co/WWGpgjBYQZ $MSFT #Microsoft #Flow #Cloud #Apps #Office',0.0
|negative|,2019-02-13 ,"b' This Sector Stalled, Is The Rally Over? $SPX $AMZN $FB $AAPL $GOOGL $MSFT $NDX $XLE $XLF $TNX https://t.co/ZI828WBDYk'",-2.0
|neutral|,2019-02-13 ,b' @hks55 $MSFT should not have been up here in the first place',0.0
|neutral|,2019-02-13 ,b' RT @PDFStreaming: What is Microsoft Flow? https://t.co/WWGpgjBYQZ $MSFT #Microsoft #Flow #Cloud #Apps #Office',0.0
|neutral|,2019-02-13 ,"b' Warren Buffett Stocks: Who Joins Nvidia, Alibaba, Facebook On This Screen?  \xe2\x80\x9cWarren, what are you waiting for? - gr\xe2\x80\xa6 https://t.co/CD9YgHEtNt'",0.0
|positive|,2019-02-13 ,b' RT @crabbermike: $FUSZD @VerbTech_Co #taggCRM With Huge Partners &amp; ex #CIO of #Microsoft $JPM Managing Director on #Advisory AS WELL AS #SH\xe2\x80\xa6',1.0
|neutral|,2019-02-13 ,"b"" $MSFT closes within previous day's range after lackluster session: https://t.co/IvPtxNVEhw Sentiment: Neutral #MSFT #Microsoft""",0.0
|negative|,2019-02-13 ,b' Remember when $MSFT made a $45 Billion hostile bid for Yahoo..',-2.0
|neutral|,2019-02-13 ,b' $MSFT looking like things can get scary here https://t.co/iG5vZEBwPo',0.0
|positive|,2019-02-13 ,b' RT @Stock_Billions_: 13d out after hours $SHLDQ looks great!! #Sears on all radars today \xf0\x9f\x92\xa5 $BGFT $WDBGD $KATX $NOUV $SHLDQ $RNVA $MSPC $HPI\xe2\x80\xa6',3.0
|neutral|,2019-02-13 ,b' @hks55 $Msft aint going there bar a serious recession globally. $BA has a better bearish megaphone under construction . #dowjones #DJIA',0.0
|positive|,2019-02-13 ,b' RT @realsheepwolf: \xf0\x9f\xa6\x84\xc2\xa0$FUSZD: HEADED TO THE BIG BOARDS WITH ALL MAJOR TECH CORPS ONBOARD \xe2\x9c\x85TaggCRM now available in the $AAPL iTunes store an\xe2\x80\xa6',1.0
|neutral|,2019-02-13 ,"b' RT @theflynews: #SocialStocks: Twitter reports surprising user data, LinkedIn finally going live $TWTR $SNAP $FB $MSFT $GOOG $GOOGL https:/\xe2\x80\xa6'",0.0
|neutral|,2019-02-13 ,"b' RT @GetInEarly: \xf0\x9f\x93\xa3$FUSZD NEWZ OUT! VERB \xe2\x80\x99s TaggCRM Interactive Video-Based Mobile App Now Available in Apple, $AAPL App Store and Google, $G\xe2\x80\xa6'",0.0
|positive|,2019-02-13 ,"b' RT @UHDTrader: $FUSZD - Like Buying Stock in @Microsoft $MSFT &amp; @salesforce $CRM When they were Startups! Oh Wait, We are Partnered with Bo\xe2\x80\xa6'",2.0
|positive|,2019-02-13 ,b' RT @MDTrades12: $QQQ interesting close above the major .618 at 170.70; but rejected off the 200d sma at 171.79 (hod = 172.16); tech faded a\xe2\x80\xa6',1.0
|positive|,2019-02-13 ,"b' REINSTATEMENT, updates coming and a great SS $qqq $aapl $tvix $veon $csco $sir $rook $mu $msft $fb $sqqq $intc\xe2\x80\xa6 https://t.co/olYH57D9cg'",3.0
|positive|,2019-02-13 ,"b' REINSTATEMENT, updates coming and a great SS $msft $amzn $fb $goog $jnj $jpm $googol $abc $wfc $wmt $cvx $hd $pg\xe2\x80\xa6 https://t.co/esLqGxhrTs'",3.0
|positive|,2019-02-13 ,"b' REINSTATEMENT, updates coming and a great SS $ARW $STNG $F $DAL $UVXY $BBD $FCX $MSFT $IQ $PFE $USO $C $XLE $AKS\xe2\x80\xa6 https://t.co/6xmA0uk9Ip'",3.0
|neutral|,2019-02-13 ,"b' RT @GetInEarly: @BelowAvgTrader @VerbTech_Co \xf0\x9f\x93\xa3$FUSZD NEWZ OUT! VERB \xe2\x80\x99s TaggCRM Interactive Video-Based Mobile App Now Available in Apple, $\xe2\x80\xa6'",0.0
|positive|,2019-02-13 ,b' $QQQ interesting close above the major .618 at 170.70; but rejected off the 200d sma at 171.79 (hod = 172.16); tech\xe2\x80\xa6 https://t.co/zUviD0gjF7',1.0
|neutral|,2019-02-13 ,b' $csco CEO sounding incredibly bullish on the earnings call.  $ORCL $AYX $SHOP $SPOT $GOOG $SPY $SPX $QQQ $TQQQ $STX\xe2\x80\xa6 https://t.co/Q2jnEv2RzU',0.0
|positive|,2019-02-13 ,"b' RT @alex: takes a lot of $ to build a pub cloud, but am happy to see lots of competition to do it well https://t.co/1PqVJmlBtj - with $AMZN\xe2\x80\xa6'",3.0
|neutral|,2019-02-13 ,"b' $GOOGL $AMZN $MSFT $CSCO:  ICYMI: Google\xe2\x80\x99s $13 Billion Investment, Major Tailwinds Powered U.S. Stocks:  https://t.co/yS3tIQblRU'",0.0
|positive|,2019-02-13 ,b' RT @TraceyRyniec: End of an Era: Big tech stocks are now value stocks. Not growth. $IBM $SNE $CSCO $INTC $MSFT $AAPL https://t.co/kTf2MpW8i5',3.0
|neutral|,2019-02-13 ,b' RT @mcm_ct: Hmmm  $MSFT $SPX $INDU $AAPL $GOOG $NFLX $AMZN https://t.co/gmUawlbk3o',0.0
|neutral|,2019-02-13 ,"b' RT @UTR_INFO: Some #OPTIONS action in the room today. Mainly $SPX almost 4bagged it into EOD, $SPY $TWTR (went 400% but sold way early) $AM\xe2\x80\xa6'",0.0
|neutral|,2019-02-13 ,"b' RT @UTR_INFO: Some #OPTIONS action in the room today. Mainly $SPX almost 4bagged it into EOD, $SPY $TWTR (went 400% but sold way early) $AM\xe2\x80\xa6'",0.0
|positive|,2019-02-13 ,b' End of an Era: Big tech stocks are now value stocks. Not growth. $IBM $SNE $CSCO $INTC $MSFT $AAPL https://t.co/kTf2MpW8i5',3.0
|neutral|,2019-02-13 ,"b"" A whiff of concern but we'll see... - $GOOGL closed today where it closed yesterday. - $AMZN closed today where it\xe2\x80\xa6 https://t.co/8s9qvhhfk1""",0.0
|neutral|,2019-02-13 ,"b' RT @UTR_INFO: Some #OPTIONS action in the room today. Mainly $SPX almost 4bagged it into EOD, $SPY $TWTR (went 400% but sold way early) $AM\xe2\x80\xa6'",0.0
|positive|,2019-02-13 ,b' Trade Closed \xf0\x9f\x9a\xa8 $SPY 274 Feb.13 Put Cost .15 Exit .30 Gain +100% Profit \xf0\x9f\x92\xb0  Nailed the intraday slide down! $NFLX\xe2\x80\xa6 https://t.co/jmNqZ7mljW',2.0
|neutral|,2019-02-13 ,"b' RT @UTR_INFO: Some #OPTIONS action in the room today. Mainly $SPX almost 4bagged it into EOD, $SPY $TWTR (went 400% but sold way early) $AM\xe2\x80\xa6'",0.0
|neutral|,2019-02-13 ,"b' Some #OPTIONS action in the room today. Mainly $SPX almost 4bagged it into EOD, $SPY $TWTR (went 400% but sold way\xe2\x80\xa6 https://t.co/jXf9WSl8j2'",0.0
|neutral|,2019-02-13 ,"b' @MadGhost $FB $MSFT and magic leap has proven that AR/VR is expensive at this stage.  If they aren\xe2\x80\x99t breaking even yet, how will $VUZI'",0.0
|neutral|,2019-02-13 ,b' Hmmm  $MSFT $SPX $INDU $AAPL $GOOG $NFLX $AMZN https://t.co/gmUawlbk3o',0.0
|positive|,2019-02-13 ,b' #estate asset watch - major money flow Wednesday (price x volume traded) $AMZN $AAPL $NFLX $ATVI $TWLO $NVDA $FB\xe2\x80\xa6 https://t.co/qV8sbZHbCU',2.0
|neutral|,2019-02-13 ,"b' What @Microsoft VP Rodney Clark learned fom 1,000 #IoT deployments https://t.co/wH92OPXbmV via @DylanLJMartin $MSFT'",0.0
|negative|,2019-02-13 ,b' @PatrickGrattan We just lost Softee!  $MSFT',-3.0
|negative|,2019-02-13 ,"b' Capital Spending by $AMZN, $FB, $MSFT and $GOOGL Alone Totaled $77.7 Billion for 2018 \xf0\x9f\xa4\xaf\xe2\x81\xa3 \xe2\x81\xa3\xe2\x81\xa3\xe2\x81\xa3\xe2\x81\xa3\xe2\x81\xa3\xe2\x81\xa3 #amazon #facebook\xe2\x80\xa6 https://t.co/TEpPLwiTzk'",-2.0
|positive|,2019-02-13 ,b' #estate asset watch - most active stocks Wednesday - $GE $TEVA $AMD $ATVI $MU $ECA $BAC $SNAP $VALE $FCX $TWTR $T\xe2\x80\xa6 https://t.co/tFaMJvqKcd',3.0
|neutral|,2019-02-13 ,b' Microsoft Corp. $MSFT Market Value Declined While Argent Capital Management Lowered Its Position by $1.96 Million;\xe2\x80\xa6 https://t.co/QzOX2oxlpv',0.0
|positive|,2019-02-13 ,b' RT @realsheepwolf: \xf0\x9f\xa6\x84 $FUSZD: HEADED TO #NASDAQ  \xf0\x9f\x8f\x86GREAT NEWS OUT THIS MORNING NEW #TaggCRM App now in $AAPL iTunes Store and $GOOGL Play sto\xe2\x80\xa6',3.0
|negative|,2019-02-13 ,b' @OrangeSwagger_ @LinkedIn and some reason $MSFT bought them.    Crazy.',-2.0
|positive|,2019-02-13 ,b' \xf0\x9f\xa6\x84 $FUSZD: HEADED TO #NASDAQ  \xf0\x9f\x8f\x86GREAT NEWS OUT THIS MORNING NEW #TaggCRM App now in $AAPL iTunes Store and $GOOGL Pla\xe2\x80\xa6 https://t.co/IgdD6TTlmY',3.0
|neutral|,2019-02-13 ,"b' RT @GetInEarly: @BelowAvgTrader @VerbTech_Co \xf0\x9f\x93\xa3$FUSZD NEWZ OUT! VERB \xe2\x80\x99s TaggCRM Interactive Video-Based Mobile App Now Available in Apple, $\xe2\x80\xa6'",0.0
|neutral|,2019-02-13 ,b' $1.00 EPS Expected for Microsoft Co. $MSFT This Quarter https://t.co/s9y5EllXo5 #stocks',0.0
|neutral|,2019-02-13 ,b' $1.00 EPS Expected for Microsoft Co. $MSFT This Quarter https://t.co/apxY1WfP7c',0.0
|positive|,2019-02-13 ,"b' GET READY TO TURN UR $10,000 INVESTMENT INTO $200,000+ ON FEB 20TH @ 7:30 EST AM !!!!!! \xf0\x9f\x94\xa5  JOIN THE #MONEYGANG\xe2\x80\xa6 https://t.co/p8CoQEmhPM'",1.0
|positive|,2019-02-13 ,"b"" The Vatican and Microsoft $MSFT team up to promote AI ethics...hmmm how 'bout, ..ahem. other ethics as well?""",1.0
|neutral|,2019-02-13 ,b' $MSFT Pope discusses ethics of artificial intelligence with Microsoft chief https://t.co/C3IAnRJtqy',0.0
|neutral|,2019-02-13 ,b' RT @arnabch01: @YukariKingdom18 @mhall55nine @eoff_sylvia @MontyNishimura @BPerrionni @semicvet50 @BrindusaB1 @RitaCobix @Papryka5 @Pasqual\xe2\x80\xa6',0.0
|neutral|,2019-02-13 ,"b"" RT @realsheepwolf: \xf0\x9f\x8d\x8fDOWNLOAD #TaggCRM IT'S A MUST HAVE APP  NOW AVAILABLE IN THE APPLE ITUNES STORE AND GOOGLE PLAY STORE  https://t.co/rWH\xe2\x80\xa6""",0.0
|neutral|,2019-02-13 ,"b"" RT @realsheepwolf: \xf0\x9f\x8d\x8fDOWNLOAD #TaggCRM IT'S A MUST HAVE APP  NOW AVAILABLE IN THE APPLE ITUNES STORE AND GOOGLE PLAY STORE  https://t.co/rWH\xe2\x80\xa6""",0.0
|neutral|,2019-02-13 ,"b"" RT @realsheepwolf: \xf0\x9f\x8d\x8fDOWNLOAD #TaggCRM IT'S A MUST HAVE APP  NOW AVAILABLE IN THE APPLE ITUNES STORE AND GOOGLE PLAY STORE  https://t.co/rWH\xe2\x80\xa6""",0.0
|negative|,2019-02-13 ,"b' Miller Investment Management LP Has Cut Position in Microsoft $MSFT by $307,800; Laurel Grove Capital Continues to\xe2\x80\xa6 https://t.co/vD0HHSkbBp'",-1.0
|neutral|,2019-02-13 ,"b"" RT @realsheepwolf: \xf0\x9f\x8d\x8fDOWNLOAD #TaggCRM IT'S A MUST HAVE APP  NOW AVAILABLE IN THE APPLE ITUNES STORE AND GOOGLE PLAY STORE  https://t.co/rWH\xe2\x80\xa6""",0.0
|positive|,2019-02-13 ,b' #estate asset watch - most active stock options today - $AAPL $CVE $MU $GE $LLY $FB $ZNGA $NVDA $ATVI $TWTR $NFLX\xe2\x80\xa6 https://t.co/pM31qitxfW',3.0
|neutral|,2019-02-13 ,"b"" RT @realsheepwolf: \xf0\x9f\x8d\x8fDOWNLOAD #TaggCRM IT'S A MUST HAVE APP  NOW AVAILABLE IN THE APPLE ITUNES STORE AND GOOGLE PLAY STORE  https://t.co/rWH\xe2\x80\xa6""",0.0
|neutral|,2019-02-13 ,"b"" \xf0\x9f\x8d\x8fDOWNLOAD #TaggCRM IT'S A MUST HAVE APP  NOW AVAILABLE IN THE APPLE ITUNES STORE AND GOOGLE PLAY STORE\xe2\x80\xa6 https://t.co/qCwEgi4Zy7""",0.0
|positive|,2019-02-13 ,b' RT @realsheepwolf: \xf0\x9f\xa6\x84\xc2\xa0$FUSZD: HEADED TO THE BIG BOARDS WITH ALL MAJOR TECH CORPS ONBOARD \xe2\x9c\x85TaggCRM now available in the $AAPL iTunes store an\xe2\x80\xa6',1.0
|positive|,2019-02-13 ,"b' Mogy Joel R Investment Counsel Lowered Position in Microsoft $MSFT by $428,184 as Stock Declined; Greenwich Wealth\xe2\x80\xa6 https://t.co/De8PR0fC3u'",3.0
|positive|,2019-02-13 ,b' https://t.co/H5M5DprSLq Interesting read $amzn $msft $crm  #cloudservices #IaaS',2.0
|positive|,2019-02-13 ,"b"" Haha who'd have thought Bill Gates was such a simpleton : Extreme Politicians Pushing For 70% Tax Rate Are Missing\xe2\x80\xa6 https://t.co/sIWT8G1UHw""",1.0
|positive|,2019-02-13 ,b' RT @realsheepwolf: \xf0\x9f\xa6\x84 $FUSZD: HEADED TO THE BIG BOARDS WITH ALL MAJOR TECH CORPS ONBOARD \xe2\x9c\x85TaggCRM now available in the $AAPL iTunes store an\xe2\x80\xa6',1.0
|neutral|,2019-02-13 ,"b' RT @GetInEarly: \xf0\x9f\x93\xa3$FUSZD NEWZ OUT! VERB \xe2\x80\x99s TaggCRM Interactive Video-Based Mobile App Now Available in Apple, $AAPL App Store and Google, $G\xe2\x80\xa6'",0.0
|neutral|,2019-02-13 ,b' $cpsi another mover  $lly $aapl $fb $nflx $amzn $ecl $goog $crm $baba $msft $abbv $gild $spy $qqq $gbtc $lly $pfe\xe2\x80\xa6 https://t.co/XnYqgs5NQX',0.0
|neutral|,2019-02-13 ,b' https://t.co/PgxfRUcACx $SPY $NFLX $TSLA $FB $MU $AMD $TWTR $NVDA $CRON $SBUX $WMT $AAPL $MSFT $LABD $JDST $SPXS $BABA $JD $FANG $GOOG .',0.0
|neutral|,2019-02-13 ,b' RT @PDFStreaming: What is Microsoft Flow? https://t.co/WWGpgjBYQZ $MSFT #Microsoft #Flow #Cloud #Apps #Office',0.0
|neutral|,2019-02-13 ,"b' RT @GetInEarly: \xf0\x9f\x93\xa3$FUSZD NEWZ OUT! VERB \xe2\x80\x99s TaggCRM Interactive Video-Based Mobile App Now Available in Apple, $AAPL App Store and Google, $G\xe2\x80\xa6'",0.0
|neutral|,2019-02-13 ,"b' RT @GetInEarly: \xf0\x9f\x93\xa3$FUSZD NEWZ OUT! VERB \xe2\x80\x99s TaggCRM Interactive Video-Based Mobile App Now Available in Apple, $AAPL App Store and Google, $G\xe2\x80\xa6'",0.0
|positive|,2019-02-13 ,b' RT @realsheepwolf: \xf0\x9f\xa6\x84 $FUSZD: HEADED TO THE BIG BOARDS WITH ALL MAJOR TECH CORPS ONBOARD \xe2\x9c\x85TaggCRM now available in the $AAPL iTunes store an\xe2\x80\xa6',1.0
|neutral|,2019-02-13 ,b' $GOOGL $AMZN $MSFT:  Google to Invest $13 Billion In U.S. Data Centers to Grow Cloud Business:  https://t.co/UIqA8IUsGc',0.0
|positive|,2019-02-13 ,b' RT @realsheepwolf: \xf0\x9f\xa6\x84 $FUSZD: HEADED TO THE BIG BOARDS WITH ALL MAJOR TECH CORPS ONBOARD \xe2\x9c\x85TaggCRM now available in the $AAPL iTunes store an\xe2\x80\xa6',1.0
|positive|,2019-02-13 ,b' ShiftPixy (PIXY) best micro-cap in US. Implied equity upside ~150%. Highlights: (1) strategic initiatives to quintu\xe2\x80\xa6 https://t.co/iOFX77nefv',3.0
|neutral|,2019-02-13 ,"b' RT @christicash11: @mwlewan30 @MENHSK IMO ~ Sound Concepts is Royal aquisition for sure ! \xe2\x9e\xa1\xef\xb8\x8f 1 of many, many reasons we will keep rising. W\xe2\x80\xa6'",0.0
|neutral|,2019-02-13 ,b' Mellanox raises asking price to $6.7B - report  $MSFT $AVGO $INTC $XLNX $MLNX    https://t.co/Wi1QCEwSOG',0.0
|neutral|,2019-02-13 ,"b' RT @i_Know_First: Weekly Stock Market Review: Week #7 https://t.co/XSXIxfgdOw  #stockstowatch $MSFT $MU $NFLX $AAPL $NVDA, #stocks $SPY $DI\xe2\x80\xa6'",0.0
|neutral|,2019-02-13 ,"b' RT @theflynews: #SocialStocks: Twitter reports surprising user data, LinkedIn finally going live $TWTR $SNAP $FB $MSFT $GOOG $GOOGL https:/\xe2\x80\xa6'",0.0
|neutral|,2019-02-13 ,b' @Creategains @CryptoTrooper_ $MSFT',0.0
|positive|,2019-02-13 ,"b' takes a lot of $ to build a pub cloud, but am happy to see lots of competition to do it well\xe2\x80\xa6 https://t.co/qTM5WmTPgs'",3.0
|positive|,2019-02-13 ,b' RT @realsheepwolf: \xf0\x9f\xa6\x84 $FUSZD: HEADED TO THE BIG BOARDS WITH ALL MAJOR TECH CORPS ONBOARD \xe2\x9c\x85TaggCRM now available in the $AAPL iTunes store an\xe2\x80\xa6',1.0
|neutral|,2019-02-13 ,"b' RT @theflynews: #SocialStocks: Twitter reports surprising user data, LinkedIn finally going live $TWTR $SNAP $FB $MSFT $GOOG $GOOGL https:/\xe2\x80\xa6'",0.0
|neutral|,2019-02-13 ,"b' #SocialStocks: Twitter reports surprising user data, LinkedIn finally going live $TWTR $SNAP $FB $MSFT $GOOG $GOOGL\xe2\x80\xa6 https://t.co/ACYyWhzlHX'",0.0
|negative|,2019-02-13 ,b' Bill Gates: Extreme Politicians Pushing For 70% Tax Rate Are Missing The Picture $MSFT $SPY https://t.co/gDMVoASPeU\xe2\x80\xa6 https://t.co/jUACZbhq0z',-2.0
|positive|,2019-02-13 ,b' Orinda Asset Management Decreased Its Cbl &amp; Assoc Pptys $CBL Stake as Valuation Declined; Staley Capital Advisers D\xe2\x80\xa6 https://t.co/ktMSieAfWg',2.0
|neutral|,2019-02-13 ,"b' Vatican, Microsoft team up on artificial intelligence ethics $MSFT #MSFT #Science #Technologylawandethics\xe2\x80\xa6 https://t.co/LJ4uE5MjOn'",0.0
|neutral|,2019-02-13 ,"b' Vatican, Microsoft team up on artificial intelligence ethics $MSFT #MSFT #Science #Technologylawandethics\xe2\x80\xa6 https://t.co/nINrkvFtVg'",0.0
|neutral|,2019-02-13 ,"b' RT @ipoguy: $FUSZD BREAKING NEWS! @VerbTech_Co VERB \xe2\x80\x99s TaggCRM Interactive Video-Based Mobile App Now Available in Apple, $AAPL App Store a\xe2\x80\xa6'",0.0
|negative|,2019-02-13 ,b' Microsoft Is Firing On All Cylinders $MSFT https://t.co/yL5pqiC2Je',-2.0
|negative|,2019-02-14 ,b' @OptionsAction @Michael_Khouw These #OptionsAction guys are on such a losing streak- missing $MSFT $IWM  $GOOGL put\xe2\x80\xa6 https://t.co/29Zzv2CizJ',-5.0
|positive|,2019-02-14 ,"b' RT @BIGGESTPENNYST: GET READY TO TURN UR $10,000 INVESTMENT INTO $200,000+ ON FEB 20TH @ 7:30 EST AM !!!!!! \xf0\x9f\x94\xa5  JOIN THE #MONEYGANG #Preside\xe2\x80\xa6'",1.0
|neutral|,2019-02-14 ,b' ANALYZER: Thu Feb 14 20:26:30 ART 2019  $MSFT has weekly WMA30 in phase 3.0 for LONG Price 0.64% from  WMA30. Last candles Green/Green',0.0
|negative|,2019-02-14 ,"b' RT @jctb1: $SURG SurgePays Portal profit on 3rd party products across 40,000 stores = $14.4 million gross profit = $137 million market cap\xe2\x80\xa6'",-2.0
|neutral|,2019-02-14 ,b' RT @StockScoops: Symantec Says Working With Microsoft To Provide Added Protection To Microsoft Azure https://t.co/GFrRDJPieF $MSFT #stocks\xe2\x80\xa6',0.0
|neutral|,2019-02-14 ,b' Symantec Says Working With Microsoft To Provide Added Protection To Microsoft Azure https://t.co/GFrRDJPieF $MSFT #stocks #stockmarket',0.0
|positive|,2019-02-14 ,b' The Cashflow Conversation In Here! WOW! $38 $aapl $amzn $agn $brk $crm $cmg $dis $esrx $f $ge $gm $hlf $iep $ibm\xe2\x80\xa6 https://t.co/EIla3SOffq',4.0
|neutral|,2019-02-14 ,b' RT @realsheepwolf: @UHDTrader @GetInEarly @stewdomer @crabbermike @DylanLuckyM @CamleeMediaGaFL @christicash11 @OTCNetworkInc \xf0\x9f\xa6\x84  $FUSZD whe\xe2\x80\xa6',0.0
|neutral|,2019-02-14 ,b' RT @crabbermike: @GetInEarly @orcl @adbe @realsheepwolf @UHDTrader @christicash11 @DylanLuckyM @Watching_Stocks @FundyLongShort @OTCNetwork\xe2\x80\xa6',0.0
|neutral|,2019-02-14 ,b' RT @GetInEarly: \xe2\x99\xa5$FUSZD 100% Buy Recommendation\xe2\x99\xa5 https://t.co/dFsFhgxfZX \xe2\x99\xa5Listing On NASDAQ This Month! \xe2\x99\xa5Short Squeeze Underway! \xe2\x99\xa5Partnered\xe2\x80\xa6',0.0
|neutral|,2019-02-14 ,b' $LLY $AAPL $NVDA $GE $BAC $KO $AMD $MU $CSCO $FB $NFLX $BMY $AMZN $INTC $BABA $CTL $PBR $EA $MSFT $ATVI $DISCA $SLB\xe2\x80\xa6 https://t.co/LImo9TqFNk',0.0
|neutral|,2019-02-14 ,b' RT @realsheepwolf: @UHDTrader @GetInEarly @stewdomer @crabbermike @DylanLuckyM @CamleeMediaGaFL @christicash11 @OTCNetworkInc \xf0\x9f\xa6\x84  $FUSZD whe\xe2\x80\xa6',0.0
|positive|,2019-02-14 ,b' $MSFT Potential bullish set up pattern today as it mirrors the market itself. Tomorrow opening up greater than 105.\xe2\x80\xa6 https://t.co/WIjZUJ3TdV',3.0
|positive|,2019-02-14 ,"b' @RiskReversal You said buy $MSFT July Puts on @OptionsAction less than 2 wks ago..Now you say you ""LOVE"" the stock???'",3.0
|neutral|,2019-02-14 ,b' RT @GetInEarly: \xe2\x99\xa5$FUSZD 100% Buy Recommendation\xe2\x99\xa5 https://t.co/dFsFhgxfZX \xe2\x80\xa6 \xe2\x99\xa5Listing On NASDAQ This Month! \xe2\x99\xa5Short Squeeze Underway! \xe2\x99\xa5Partner\xe2\x80\xa6',0.0
|positive|,2019-02-14 ,"b' If you bought $8.50 worth of $MSFT on Oct 26, 1984 you would have $11,750.54 https://t.co/wLl2LYIBw8'",2.0
|neutral|,2019-02-14 ,"b"" $MSFT closes within previous day's range after lackluster session: https://t.co/zMEGBQdk6U Sentiment: Neutral #MSFT #Microsoft""",0.0
|neutral|,2019-02-14 ,b' RT @realsheepwolf: @UHDTrader @GetInEarly @stewdomer @crabbermike @DylanLuckyM @CamleeMediaGaFL @christicash11 @OTCNetworkInc \xf0\x9f\xa6\x84  $FUSZD whe\xe2\x80\xa6',0.0
|neutral|,2019-02-14 ,b' RT @raymond10mm: #mixed day $GOOGL $FB $JPM $C $BAC $WFC $AAPL $PM $PG $GE $HON $JNJ $CSCO $MSFT $INTC $TWTR $TSLA $V $DIS $UNH $VZ $KHC $S\xe2\x80\xa6',0.0
|neutral|,2019-02-14 ,b' RT @realsheepwolf: @UHDTrader @GetInEarly @stewdomer @crabbermike @DylanLuckyM @CamleeMediaGaFL @christicash11 @OTCNetworkInc \xf0\x9f\xa6\x84  $FUSZD whe\xe2\x80\xa6',0.0
|neutral|,2019-02-14 ,b' RT @GetInEarly: \xe2\x99\xa5$FUSZD 100% Buy Recommendation\xe2\x99\xa5 https://t.co/dFsFhgxfZX \xe2\x80\xa6 \xe2\x99\xa5Listing On NASDAQ This Month! \xe2\x99\xa5Short Squeeze Underway! \xe2\x99\xa5Partner\xe2\x80\xa6',0.0
|neutral|,2019-02-14 ,b' RT @GetInEarly: \xe2\x99\xa5$FUSZD 100% Buy Recommendation\xe2\x99\xa5 https://t.co/dFsFhgxfZX \xe2\x80\xa6 \xe2\x99\xa5Listing On NASDAQ This Month! \xe2\x99\xa5Short Squeeze Underway! \xe2\x99\xa5Partner\xe2\x80\xa6',0.0
|neutral|,2019-02-14 ,b' RT @GetInEarly: \xe2\x99\xa5$FUSZD 100% Buy Recommendation\xe2\x99\xa5 https://t.co/dFsFhgxfZX \xe2\x80\xa6 \xe2\x99\xa5Listing On NASDAQ This Month! \xe2\x99\xa5Short Squeeze Underway! \xe2\x99\xa5Partner\xe2\x80\xa6',0.0
|neutral|,2019-02-14 ,b' RT @GetInEarly: \xe2\x99\xa5$FUSZD 100% Buy Recommendation\xe2\x99\xa5 https://t.co/dFsFhgxfZX \xe2\x80\xa6 \xe2\x99\xa5Listing On NASDAQ This Month! \xe2\x99\xa5Short Squeeze Underway! \xe2\x99\xa5Partner\xe2\x80\xa6',0.0
|neutral|,2019-02-14 ,b' RT @UHDTrader: @DylanLuckyM @VerbTech_Co $FUSZD - @VerbTech_Co #TaggCRM App with 49 Five \xe2\xad\x90\xef\xb8\x8f\xe2\xad\x90\xef\xb8\x8f\xe2\xad\x90\xef\xb8\x8f\xe2\xad\x90\xef\xb8\x8f\xe2\xad\x90\xef\xb8\x8f User Reviews already on #Apple @AppStor\xe2\x80\xa6',0.0
|neutral|,2019-02-14 ,b' @drivingdotca $MSFT',0.0
|neutral|,2019-02-14 ,b' \xe2\x99\xa5$FUSZD 100% Buy Recommendation\xe2\x99\xa5 https://t.co/dFsFhgxfZX \xe2\x80\xa6 \xe2\x99\xa5Listing On NASDAQ This Month! \xe2\x99\xa5Short Squeeze Underway!\xe2\x80\xa6 https://t.co/E34r714Ma9',0.0
|neutral|,2019-02-14 ,b' #mixed day $GOOGL $FB $JPM $C $BAC $WFC $AAPL $PM $PG $GE $HON $JNJ $CSCO $MSFT $INTC $TWTR $TSLA $V $DIS $UNH $VZ\xe2\x80\xa6 https://t.co/B234ScBJgC',0.0
|neutral|,2019-02-14 ,b' RT @realsheepwolf: @UHDTrader @GetInEarly @stewdomer @crabbermike @DylanLuckyM @CamleeMediaGaFL @christicash11 @OTCNetworkInc \xf0\x9f\xa6\x84  $FUSZD whe\xe2\x80\xa6',0.0
|negative|,2019-02-14 ,b' RT @realsheepwolf: \xf0\x9f\xa6\x84 $FUSZD MOST DISRUPTIVE TECHNOLOGY IN YEARS \xe2\x9c\x85MERGER WITH PROFITABLE CO. BY EOM \xe2\x9c\x85 #NASDAQ UPLISTING \xe2\x9c\x85ALREADY INTEGRATED\xe2\x80\xa6',-2.0
|neutral|,2019-02-14 ,b' RT @realsheepwolf: @UHDTrader @GetInEarly @stewdomer @crabbermike @DylanLuckyM @CamleeMediaGaFL @christicash11 @OTCNetworkInc \xf0\x9f\xa6\x84  $FUSZD whe\xe2\x80\xa6',0.0
|positive|,2019-02-14 ,"b' Goldman Sachs 13F:  Boosts: $HYG, $ET, $MRK, $SBUX, IN 4Q     Reduces: $AAPL, $AMZN, $IWM, $MSFT, $LQD IN 4Q     Ad\xe2\x80\xa6 https://t.co/rlmTJIXJET'",1.0
|negative|,2019-02-14 ,b' RT @crabbermike: $FUSZD Listing on #NASDAQ Shortly folks! With these #Tech #Partners INSANE FUTURE AHEAD! @VerbTech_Co @RoryCutaia #Salesfo\xe2\x80\xa6',-2.0
|negative|,2019-02-14 ,b' RT @crabbermike: $FUSZD Listing on #NASDAQ Shortly folks! With these #Tech #Partners INSANE FUTURE AHEAD! @VerbTech_Co @RoryCutaia #Salesfo\xe2\x80\xa6',-2.0
|negative|,2019-02-14 ,"b"" $MSFT - Microsoft: Relax, The Sky Isn't Falling https://t.co/7mJmx6ldMN""",-1.0
|neutral|,2019-02-14 ,b' @markand4503 @realfatapollo @jonfortt Wasn\xe2\x80\x99t $MSFT in Seattle before $AMZN \xf0\x9f\xa4\x94',0.0
|positive|,2019-02-14 ,b' Top #moneyflow for #sp500 today $AMZN $KO $MSFT $AAPL $BAC $AMGN $NVDA $BA $MCD $C ... https://t.co/S59zN0R1wP',2.0
|positive|,2019-02-14 ,b' Top #moneyflow for #nasdaq today $AMZN $MSFT $AAPL $AMGN $SBUX $NVDA $DLTR $QCOM $LRCX $PAYX ... https://t.co/S59zN0R1wP',2.0
|negative|,2019-02-14 ,b' RT @crabbermike: $FUSZD Listing on #NASDAQ Shortly folks! With these #Tech #Partners INSANE FUTURE AHEAD! @VerbTech_Co @RoryCutaia #Salesfo\xe2\x80\xa6',-2.0
|negative|,2019-02-14 ,b' RT @crabbermike: $FUSZD Listing on #NASDAQ Shortly folks! With these #Tech #Partners INSANE FUTURE AHEAD! @VerbTech_Co @RoryCutaia #Salesfo\xe2\x80\xa6',-2.0
|negative|,2019-02-14 ,b' $FUSZD Listing on #NASDAQ Shortly folks! With these #Tech #Partners INSANE FUTURE AHEAD! @VerbTech_Co @RoryCutaia\xe2\x80\xa6 https://t.co/KgcOq0PsLT',-2.0
|positive|,2019-02-14 ,b' #estate asset watch- top money flow Thursday (price x volume traded) $AMZN $AAPL $NFLX $KO $NVDA $CSCO $LLY $MU\xe2\x80\xa6 https://t.co/VFCkL8cgJH',4.0
|neutral|,2019-02-14 ,b' $MSFT 106.91 long new',0.0
|neutral|,2019-02-14 ,b' RT @realsheepwolf: @UHDTrader @GetInEarly @stewdomer @crabbermike @DylanLuckyM @CamleeMediaGaFL @christicash11 @OTCNetworkInc \xf0\x9f\xa6\x84  $FUSZD whe\xe2\x80\xa6',0.0
|positive|,2019-02-14 ,"b"" RT @HedgeMind: $MSFT now represents more than a quarter, 27%  of Stanley Druckenmiller's portfolio value after increased stake by 1M+ share\xe2\x80\xa6""",2.0
|neutral|,2019-02-14 ,b' RT @realsheepwolf: @UHDTrader @GetInEarly @stewdomer @crabbermike @DylanLuckyM @CamleeMediaGaFL @christicash11 @OTCNetworkInc \xf0\x9f\xa6\x84  $FUSZD whe\xe2\x80\xa6',0.0
|neutral|,2019-02-14 ,b' RT @realsheepwolf: @UHDTrader @GetInEarly @stewdomer @crabbermike @DylanLuckyM @CamleeMediaGaFL @christicash11 @OTCNetworkInc \xf0\x9f\xa6\x84  $FUSZD whe\xe2\x80\xa6',0.0
|neutral|,2019-02-14 ,"b"" RT @DDRANTE: It's all about #Conversion rate Without Interactive Video   All involved in marketing and day to day Social Media apps gotta a\xe2\x80\xa6""",0.0
|neutral|,2019-02-14 ,"b"" RT @DDRANTE: It's all about #Conversion rate Without Interactive Video   All involved in marketing and day to day Social Media apps gotta a\xe2\x80\xa6""",0.0
|neutral|,2019-02-14 ,"b"" It's all about #Conversion rate Without Interactive Video   All involved in marketing and day to day Social Media a\xe2\x80\xa6 https://t.co/JKoJMPeKPV""",0.0
|negative|,2019-02-14 ,b' $SNAP shorts playing with fire round this 200-day given persistent action here   $QQQ $SOCL $SPY $GOOG $AMZN $MSFT $AAPL $DIS $CMCSA',-2.0
|neutral|,2019-02-14 ,b' @karanganesan @UnrealEngine @TimSweeneyEpic It may also be a model for middleware/infrastructure software products\xe2\x80\xa6 https://t.co/45Z6YGeARp',0.0
|positive|,2019-02-14 ,"b"" RT @Futurist_Invest: Lol and then there's this: A holographic girlfriend \xf0\x9f\x98\x98 #HappyValentinesDay2019   #HappyValentinesDay #AI #AR #Augmented\xe2\x80\xa6""",3.0
|neutral|,2019-02-14 ,b' RT @realsheepwolf: \xf0\x9f\xa6\x84\xc2\xa0$FUSZD: CONTINUES TO MAKE HIGHER HIGHS AND HIGHER LOWS THIS IS THE REAL DEAL.... FOLKS WILL TELL THEIR KIDS ABOUT THIS\xe2\x80\xa6',0.0
|neutral|,2019-02-14 ,b' RT @realsheepwolf: @UHDTrader @GetInEarly @stewdomer @crabbermike @DylanLuckyM @CamleeMediaGaFL @christicash11 @OTCNetworkInc \xf0\x9f\xa6\x84  $FUSZD whe\xe2\x80\xa6',0.0
|neutral|,2019-02-14 ,b' RT @realsheepwolf: @UHDTrader @GetInEarly @stewdomer @crabbermike @DylanLuckyM @CamleeMediaGaFL @christicash11 @OTCNetworkInc \xf0\x9f\xa6\x84  $FUSZD whe\xe2\x80\xa6',0.0
|neutral|,2019-02-14 ,b' $NVDA $AMD $TWTR $MU $MSFT $WDC Hey FOLKS I am planning to open a SPORTS BAR in Chicago only traders.. With all GIA\xe2\x80\xa6 https://t.co/Ubg9Tfh38B',0.0
|neutral|,2019-02-14 ,b' RT @realsheepwolf: @UHDTrader @GetInEarly @stewdomer @crabbermike @DylanLuckyM @CamleeMediaGaFL @christicash11 @OTCNetworkInc \xf0\x9f\xa6\x84  $FUSZD whe\xe2\x80\xa6',0.0
|neutral|,2019-02-14 ,b' RT @GetInEarly: \xe2\x99\xa5$FUSZD 100% Buy Recommendation\xe2\x99\xa5 https://t.co/dFsFhgxfZX \xe2\x99\xa5Listing On NASDAQ This Month! \xe2\x99\xa5Short Squeeze Underway! \xe2\x99\xa5Partnered\xe2\x80\xa6',0.0
|neutral|,2019-02-14 ,b' RT @crabbermike: @GetInEarly @orcl @adbe @realsheepwolf @UHDTrader @christicash11 @DylanLuckyM @Watching_Stocks @FundyLongShort @OTCNetwork\xe2\x80\xa6',0.0
|positive|,2019-02-14 ,"b' Strong spike in volume for most tech stocks at 12:07pm (Pacific) including $NFLX, $FB, $AAPL, $MSFT, and $QQQ.  Mod\xe2\x80\xa6 https://t.co/HxSlV6HBe0'",2.0
|neutral|,2019-02-14 ,b' @UHDTrader @GetInEarly @stewdomer @crabbermike @DylanLuckyM @CamleeMediaGaFL @christicash11 @OTCNetworkInc \xf0\x9f\xa6\x84\xe2\x80\xa6 https://t.co/oeD3qS9b45',0.0
|neutral|,2019-02-14 ,b' RT @realsheepwolf: \xf0\x9f\xa6\x84\xc2\xa0$FUSZD: CONTINUES TO MAKE HIGHER HIGHS AND HIGHER LOWS THIS IS THE REAL DEAL.... FOLKS WILL TELL THEIR KIDS ABOUT THIS\xe2\x80\xa6',0.0
|neutral|,2019-02-14 ,b' RT @GetInEarly: \xe2\x99\xa5$FUSZD 100% Buy Recommendation\xe2\x99\xa5 https://t.co/dFsFhgxfZX \xe2\x99\xa5Listing On NASDAQ This Month! \xe2\x99\xa5Short Squeeze Underway! \xe2\x99\xa5Partnered\xe2\x80\xa6',0.0
|neutral|,2019-02-14 ,b' RT @OTCNetworkInc: \xe2\x9d\xa4\xef\xb8\x8f $FUSZD $VERB @VerbTech_Co Announces Interactive Video #ValentinesDay Contest  #taggyourvideo #Valentines  $AAPL $CLDX\xe2\x80\xa6',0.0
|positive|,2019-02-14 ,b' #estate asset watch - most active stocks today - $GE $CTL $AMD $ABEV $SOLO $KO $MU $ECA $DAC #CSCO $MRO $SNAP $ITUB\xe2\x80\xa6 https://t.co/PnS38r0aEH',3.0
|positive|,2019-02-14 ,"b' POINT72 BOOSTS $BAX, $GOOGL, $COF, $KLAC, $MDT, $SLB, $TMUS IN 4Q: 13F  REDUCES $MPC, $MSFT, $EA, $SPOT, $AAPL, $QCOM'",1.0
|neutral|,2019-02-14 ,b' Sold $MSFT at 107.13 from this morning +$1 https://t.co/45uEljjqbm',0.0
|positive|,2019-02-14 ,"b"" RT @HedgeMind: $MSFT now represents more than a quarter, 27%  of Stanley Druckenmiller's portfolio value after increased stake by 1M+ share\xe2\x80\xa6""",2.0
|positive|,2019-02-14 ,"b"" Lol and then there's this: A holographic girlfriend \xf0\x9f\x98\x98 #HappyValentinesDay2019   #HappyValentinesDay #AI #AR\xe2\x80\xa6 https://t.co/pzj4NwGXC4""",3.0
|positive|,2019-02-14 ,"b' Top #money flow today. Free stocks app https://t.co/B6pljuv3p6 $SPY, $LQD, $QQQ, $VOO, $JHEM, $CTL, $SHY, $EFX,\xe2\x80\xa6 https://t.co/eviAkUwMG0'",2.0
|positive|,2019-02-14 ,"b' mkts fading on CNN headline on Pres Trump may not sign the funding bill.  If true, this may not bode well with\xe2\x80\xa6 https://t.co/KclKPbHMRc'",2.0
|negative|,2019-02-14 ,b' RT @realsheepwolf: \xf0\x9f\xa6\x84 $FUSZD MOST DISRUPTIVE TECHNOLOGY IN YEARS \xe2\x9c\x85MERGER WITH PROFITABLE CO. BY EOM \xe2\x9c\x85 #NASDAQ UPLISTING \xe2\x9c\x85ALREADY INTEGRATED\xe2\x80\xa6',-2.0
|negative|,2019-02-14 ,b' R&amp;D spending trends update:  $FB $GOOGL $MSFT $AMZN ramping.  $IBM $AAPL cutting. https://t.co/94MiUOgjCu',-1.0
|negative|,2019-02-14 ,b' \xf0\x9f\xa6\x84 $FUSZD MOST DISRUPTIVE TECHNOLOGY IN YEARS \xe2\x9c\x85MERGER WITH PROFITABLE CO. BY EOM \xe2\x9c\x85 #NASDAQ UPLISTING \xe2\x9c\x85ALREADY INTEGR\xe2\x80\xa6 https://t.co/rrWC8CbGDO',-2.0
|neutral|,2019-02-14 ,"b' RT @theflynews: Omega Advisors exits Sinclair and Keane during Q4, buys more Cigna, CVS $SBGI $FRAC $PVH $ADBE $DISH $CI $CVS $COOP $TCRD $\xe2\x80\xa6'",0.0
|positive|,2019-02-14 ,"b' As Smith $A.O. $AOS Share Price Declined, Holder Turtle Creek Asset Management Has Lifted Position; Egerton Capital\xe2\x80\xa6 https://t.co/XnSYq2zc00'",3.0
|positive|,2019-02-14 ,b' RT @jctb1: $POTG  rumors of a MJ merger..  HUGE HUGE HUGE  $ORCL $FB $MSFT $TWTR $ADBE $AMFE $AMRN $OZK $PHUN $HMNY $SIRI $CVSI $GOPH $FMCC\xe2\x80\xa6',3.0
|neutral|,2019-02-14 ,"b' RT @briteless: Five years into Nadella\xe2\x80\x99s tenure and Microsoft is not only the most valuable public company on the planet, it has also outpe\xe2\x80\xa6'",0.0
|neutral|,2019-02-14 ,b' Grandfield &amp; Dodd Has Lowered Microsoft $MSFT Holding by $1.07 Million; Clal Insurance Enterprises Holdings LTD Upp\xe2\x80\xa6 https://t.co/04eDyai3xW',0.0
|positive|,2019-02-14 ,b' @Jaytanoo $25. $FEYE.   Likely in my opinion also a VERY attractive acquisition target for big tech looking to real\xe2\x80\xa6 https://t.co/Bs6cgddt4Y',1.0
|neutral|,2019-02-14 ,"b' RT @realsheepwolf: \xf0\x9f\xa6\x84 $FUSZD: HEADED TO THE #NASDAQ, THE COUNTDOWN IS ""ON""  \xf0\x9f\xa6\x84UNDERVALUED TECHNOLOGY DISRUPTOR SOON TO BE KNOWN AND USED BY E\xe2\x80\xa6'",0.0
|neutral|,2019-02-14 ,b' @philatrades $MSFT thought so :-).',0.0
|neutral|,2019-02-14 ,"b' Rexahn Pharmaceuticals, Inc. $RNN Analysts See $-0.13 EPS; Pictet North America Advisors Sa Raised Microsoft $MSFT\xe2\x80\xa6 https://t.co/67gPnlvfpc'",0.0
|positive|,2019-02-14 ,"b"" RT @HedgeMind: $MSFT now represents more than a quarter, 27%  of Stanley Druckenmiller's portfolio value after increased stake by 1M+ share\xe2\x80\xa6""",2.0
|positive|,2019-02-14 ,"b"" RT @HedgeMind: $MSFT now represents more than a quarter, 27%  of Stanley Druckenmiller's portfolio value after increased stake by 1M+ share\xe2\x80\xa6""",2.0
|positive|,2019-02-14 ,b' RT @thelidlives: @BillGates Thanks Bill for investing in a country that had little to do with your success. This should sicken every Americ\xe2\x80\xa6',4.0
|neutral|,2019-02-14 ,"b' RT @slammingpicks: Get the #TradeoftheWeek and make money on the next #NASDAQ or #NYSE play https://t.co/45itBE2V5B $JPM, $BIIB, $AMGN, $MS\xe2\x80\xa6'",0.0
|positive|,2019-02-14 ,"b"" Top story: @briteless: 'Five years into Nadella\xe2\x80\x99s tenure and Microsoft is not only the most valuable public company\xe2\x80\xa6 https://t.co/huBUltYM4o""",2.0
|positive|,2019-02-14 ,"b"" RT @HedgeMind: $MSFT now represents more than a quarter, 27%  of Stanley Druckenmiller's portfolio value after increased stake by 1M+ share\xe2\x80\xa6""",2.0
|neutral|,2019-02-14 ,b' Glaxis Capital Management Trimmed Its Position in Microsoft $MSFT by $4.18 Million as Market Valuation Declined; As\xe2\x80\xa6 https://t.co/xb1xvNnVvG',0.0
|neutral|,2019-02-14 ,"b"" It's Time For Change at #Amazon!  $aapl $amzn $brk $agn $dish $ela $fat $gold $hydro $iep $ibm $jwn $kmd $lfap $mu\xe2\x80\xa6 https://t.co/rr9n78wMLB""",0.0
|neutral|,2019-02-14 ,b' RT @realsheepwolf: \xf0\x9f\xa6\x84\xc2\xa0$FUSZD: CONTINUES TO MAKE HIGHER HIGHS AND HIGHER LOWS THIS IS THE REAL DEAL.... FOLKS WILL TELL THEIR KIDS ABOUT THIS\xe2\x80\xa6',0.0
|neutral|,2019-02-14 ,b' RT @realsheepwolf: \xf0\x9f\xa6\x84\xc2\xa0$FUSZD: CONTINUES TO MAKE HIGHER HIGHS AND HIGHER LOWS THIS IS THE REAL DEAL.... FOLKS WILL TELL THEIR KIDS ABOUT THIS\xe2\x80\xa6',0.0
|neutral|,2019-02-14 ,b' \xf0\x9f\xa6\x84\xc2\xa0$FUSZD: CONTINUES TO MAKE HIGHER HIGHS AND HIGHER LOWS THIS IS THE REAL DEAL.... FOLKS WILL TELL THEIR KIDS ABOUT\xe2\x80\xa6 https://t.co/hdW2jDlcHm',0.0
|positive|,2019-02-14 ,"b"" RT @HedgeMind: $MSFT now represents more than a quarter, 27%  of Stanley Druckenmiller's portfolio value after increased stake by 1M+ share\xe2\x80\xa6""",2.0
|positive|,2019-02-14 ,"b' Top #money flow today. Free stocks app https://t.co/B6pljuv3p6 $SPY, $LQD, $SHY, $VOO, $EEM, $CTL, $JHEM, $EFX,\xe2\x80\xa6 https://t.co/zUJ5eARl4J'",2.0
|positive|,2019-02-14 ,b' imo: be careful into the close b/c possible Tech fades into close.  $AVGO  $BA $ES_F $NQ_F $AMZN $NFLX $GOOGL $AAPL\xe2\x80\xa6 https://t.co/UEHbhL9lVo',2.0
|positive|,2019-02-14 ,"b"" Druck likes $MSFT -- that's noteworthy. https://t.co/Tt3KpiO9na""",2.0
|positive|,2019-02-14 ,"b"" RT @HedgeMind: $MSFT now represents more than a quarter, 27%  of Stanley Druckenmiller's portfolio value after increased stake by 1M+ share\xe2\x80\xa6""",2.0
|positive|,2019-02-15 ,"b' RT @TradeStation: Now that earnings season has wrapped up for big names like $AAPL, $AMZN, $AMD, $ATVI, $MSFT, $NFLX, $NVDA and $TTWO, we\xe2\x80\x99r\xe2\x80\xa6'",3.0
|neutral|,2019-02-15 ,b' $MSFT getting closer to dynamic resistance https://t.co/FWCvZsvdgs',0.0
|neutral|,2019-02-15 ,b' 10 Hot Stocks Leading the Market\xe2\x80\x99s Blitz Higher https://t.co/Bngl0sR6B2 $PSX $HES $AMD $MSFT $GD $DHI $JNJ $UAA $FCX $DE',0.0
|neutral|,2019-02-15 ,b' RT @OMillionaires: Implied moves for earnings next week:  $BAC 3.3% $BLK 3% $NFLX  9.1% $GS 3.2% $JNJ 2.4% $CSX 4.3% $MLNX 7.6% $MS 3.6% $I\xe2\x80\xa6',0.0
|neutral|,2019-02-15 ,b' $NVDA $BAC $AAPL $AMD $FB $MU $GE $NFLX $AMZN $BABA $KO $LLY $TSLA $MSFT $T $INTC $CSCO $VALE $CGC $JPM $BMY $EBAY\xe2\x80\xa6 https://t.co/LygLPNqDhg',0.0
|neutral|,2019-02-15 ,"b"" RT @ipoguy: It's inevitable that any day now the man himself will be shouting, pushing sound effect buttons and throwing his chair in the s\xe2\x80\xa6""",0.0
|neutral|,2019-02-15 ,"b"" RT @ipoguy: $FUSZD There's a ton of speculation going on about @VerbTech_Co after today's consolidation. What will next week bring? Some ar\xe2\x80\xa6""",0.0
|positive|,2019-02-15 ,"b' RT @TradeStation: Now that earnings season has wrapped up for big names like $AAPL, $AMZN, $AMD, $ATVI, $MSFT, $NFLX, $NVDA and $TTWO, we\xe2\x80\x99r\xe2\x80\xa6'",3.0
|positive|,2019-02-15 ,"b' @ChessTrades Hi Chess, can you cover $MSFT in your weekend video?  Thanks!'",2.0
|positive|,2019-02-15 ,b' @NotaBubble @VendbienJon @Romanmaldondo @daesr1 @RampCapitalLLC @7wtc @nypost @jimcramer lol  Even-if-Putin-rolled-\xe2\x80\xa6 https://t.co/MsbbXxbk7S',3.0
|neutral|,2019-02-15 ,b' $MSFT breakout next week https://t.co/5nNgiCBvVg',0.0
|positive|,2019-02-15 ,"b' RT @TradeStation: Now that earnings season has wrapped up for big names like $AAPL, $AMZN, $AMD, $ATVI, $MSFT, $NFLX, $NVDA and $TTWO, we\xe2\x80\x99r\xe2\x80\xa6'",3.0
|neutral|,2019-02-15 ,b' $MSFT flaggin\xe2\x80\x99',0.0
|positive|,2019-02-15 ,"b' Tech analysts were supportive, now Financial Analysts Applaud IBMs Move To Make Watson Available Cross-Cloud $AMZN\xe2\x80\xa6 https://t.co/6fTNZnOH0N'",4.0
|positive|,2019-02-15 ,"b' RT @GetInEarly: \xe2\x99\xa5$FUSZD, VERB Technologies\xe2\x99\xa5 \xf0\x9f\x92\x8e100% BUY RATING \xf0\x9f\x92\x8eTOP 1% OF ALL STOCKS \xf0\x9f\x92\x8eNASDAQ UPLIST THIS MONTH \xf0\x9f\x92\x8ePARTNERS: $MSFT $AAPL $GOOG $\xe2\x80\xa6'",2.0
|neutral|,2019-02-15 ,b' $MSFT bears didn\xe2\x80\x99t get the memo? We are blasting through $110 early next week. Fax',0.0
|positive|,2019-02-15 ,"b' RT @GetInEarly: \xe2\x99\xa5$FUSZD, VERB Technologies\xe2\x99\xa5 \xf0\x9f\x92\x8e100% BUY RATING \xf0\x9f\x92\x8eTOP 1% OF ALL STOCKS \xf0\x9f\x92\x8eNASDAQ UPLIST THIS MONTH \xf0\x9f\x92\x8ePARTNERS: $MSFT $AAPL $GOOG $\xe2\x80\xa6'",2.0
|neutral|,2019-02-15 ,b' $MSFT closes higher for the 2nd day in a row: https://t.co/ahooNuqUCn Sentiment: Slightly bullish #MSFT #Microsoft',0.0
|positive|,2019-02-15 ,"b' Relative Price Gains Favor Apple, Google and Tesla Over Amazon and Netflix https://t.co/rWil5rizsB $AAPL $GOOG $TSLA $AMZN $NFLX $MSFT $FB'",4.0
|positive|,2019-02-15 ,b' @NavdeepSBains @QNX_Auto @JustinTrudeau thank you for investing in Canadian tech.... @BlackBerry is still research\xe2\x80\xa6 https://t.co/IognYl6jud',2.0
|positive|,2019-02-15 ,b' RT @realsheepwolf: \xf0\x9f\xa6\x84 $FUSZ SITTING ON SUPPORT HERE...CRAZY FIRESALE....GREAT ENTRY #OPPORTUNITY \xf0\x9f\x91\x89FORTUNE 500 COMPANIES ALREADY KNOW HOW VAL\xe2\x80\xa6',5.0
|positive|,2019-02-15 ,"b' RT @GetInEarly: \xe2\x99\xa5$FUSZD, VERB Technologies\xe2\x99\xa5 \xf0\x9f\x92\x8e100% BUY RATING \xf0\x9f\x92\x8eTOP 1% OF ALL STOCKS \xf0\x9f\x92\x8eNASDAQ UPLIST THIS MONTH \xf0\x9f\x92\x8ePARTNERS: $MSFT $AAPL $GOOG $\xe2\x80\xa6'",2.0
|positive|,2019-02-15 ,"b' RT @realsheepwolf: \xf0\x9f\xa6\x84 $FUSZD THIS IS AMAZING, LIKE WATCHING $AMZN $MSFT $AAPL OR ANY OF THE OTHER GREAT TECH COMPANIES IN THEIR INFANCY....\xe2\x80\xa6'",9.0
|positive|,2019-02-15 ,b' RT @realsheepwolf: \xf0\x9f\xa6\x84 $FUSZD: HEADED TO THE BIG BOARDS WITH ALL MAJOR TECH CORPS ONBOARD \xe2\x9c\x85TaggCRM now available in the $AAPL iTunes store an\xe2\x80\xa6',1.0
|positive|,2019-02-15 ,"b' RT @UHDTrader: $FUSZD -THIS IS AMAZING, LIKE Investing in $AMZN $MSFT $AAPL OR ANY OF THE OTHER #TechGiants IN THEIR INFANCY.... $FUSZD ON\xe2\x80\xa6'",6.0
|neutral|,2019-02-15 ,"b"" RT @ipoguy: It's inevitable that any day now the man himself will be shouting, pushing sound effect buttons and throwing his chair in the s\xe2\x80\xa6""",0.0
|neutral|,2019-02-15 ,b' $MSFT They pumped this to pump $SPY  https://t.co/bYoVKdhIka',0.0
|neutral|,2019-02-15 ,"b"" RT @ipoguy: $FUSZD  Price $18.25 Day's Change 1.23 (7.23%) #FastTrackToTheNasdaq  #CRM #NASDAQ  @YorkiePooMama  @christicash11  @DylanLucky\xe2\x80\xa6""",0.0
|positive|,2019-02-15 ,"b' RT @crabbermike: $FUSZD 15 minutes left to get those shares B4 Next Weeks Explosion! This #Tech #Stock IS 1 U WANT 2 #BuyNow  ""I\xe2\x80\x99ve been te\xe2\x80\xa6'",2.0
|neutral|,2019-02-15 ,b' RT @OptionsHawk: Seeing some size long volatility bets in large cap Tech for Apr. this afternoon w/ straddles in $TXN $IBM $MSFT bought',0.0
|neutral|,2019-02-15 ,"b"" RT @ipoguy: $FUSZD  Price $18.25 Day's Change 1.23 (7.23%) #FastTrackToTheNasdaq  #CRM #NASDAQ  @YorkiePooMama  @christicash11  @DylanLucky\xe2\x80\xa6""",0.0
|neutral|,2019-02-15 ,"b"" Today's million dollar CALL #options trade: $AAPL $AMZN $CELG $EA $NFLX $NVDA $SE $SLB $XLNX $FB $AMD $CHRW $JPM\xe2\x80\xa6 https://t.co/RoTNAsShd4""",0.0
|positive|,2019-02-15 ,b' $MSFT setting up huge into next week.',1.0
|neutral|,2019-02-15 ,b' BOT 40 $MSFT @ 108.15',0.0
|positive|,2019-02-15 ,"b' RT @crabbermike: $FUSZD 15 minutes left to get those shares B4 Next Weeks Explosion! This #Tech #Stock IS 1 U WANT 2 #BuyNow  ""I\xe2\x80\x99ve been te\xe2\x80\xa6'",2.0
|negative|,2019-02-15 ,"b"" RT @realsheepwolf: \xf0\x9f\xa6\x84 $FUSZD DID YOU MISS $WMT 1970, $MSFT 1986, $GOOG 2004, $CRM 2004 $NFLX 2002 WELL IT'S TIME TO BREAK THAT TREND $FUSZ I\xe2\x80\xa6""",-2.0
|positive|,2019-02-15 ,"b' RT @crabbermike: $FUSZD 15 minutes left to get those shares B4 Next Weeks Explosion! This #Tech #Stock IS 1 U WANT 2 #BuyNow  ""I\xe2\x80\x99ve been te\xe2\x80\xa6'",2.0
|positive|,2019-02-15 ,"b' $MSFT looking gravy... Like it here for a swing, Monday de week could be interesting https://t.co/FtpDpP5gcT'",4.0
|neutral|,2019-02-15 ,b' RT @crabbermike: @GetInEarly @orcl @adbe @realsheepwolf @UHDTrader @christicash11 @DylanLuckyM @Watching_Stocks @FundyLongShort @OTCNetwork\xe2\x80\xa6',0.0
|neutral|,2019-02-15 ,"b"" RT @ipoguy: It's inevitable that any day now the man himself will be shouting, pushing sound effect buttons and throwing his chair in the s\xe2\x80\xa6""",0.0
|positive|,2019-02-15 ,b' RT @crabbermike: $FUSZD @VerbTech_Co #taggCRM With Huge Partners &amp; ex #CIO of #Microsoft $JPM Managing Director on #Advisory AS WELL AS #SH\xe2\x80\xa6',1.0
|positive|,2019-02-15 ,b' RT @realsheepwolf: \xf0\x9f\xa6\x84 $FUSZ SITTING ON SUPPORT HERE...CRAZY FIRESALE....GREAT ENTRY #OPPORTUNITY \xf0\x9f\x91\x89FORTUNE 500 COMPANIES ALREADY KNOW HOW VAL\xe2\x80\xa6',5.0
|positive|,2019-02-15 ,b' #estate asset watch - max money flow stocks (price x volume traded) - $AMZN $NVDA $AAPL $NFLX $MSFT $FB $AMD $BABA\xe2\x80\xa6 https://t.co/HiXFb2kt8c',2.0
|positive|,2019-02-15 ,b' RT @realsheepwolf: \xf0\x9f\xa6\x84 $FUSZD: HEADED TO THE BIG BOARDS WITH ALL MAJOR TECH CORPS ONBOARD \xe2\x9c\x85TaggCRM now available in the $AAPL iTunes store an\xe2\x80\xa6',1.0
|neutral|,2019-02-15 ,b' Listen to our discussion of recent #13F filings &amp; their own Fundamental/Technical thoughts on them &gt;\xe2\x80\xa6 https://t.co/1owxveRBt4',0.0
|neutral|,2019-02-15 ,b' RT @Futurist_Invest: New tech is reimagining the in-store experience $AMZN $PI $GOOG $MSFT $ROP  #AI #stocks #investing #investments #Artif\xe2\x80\xa6',0.0
|positive|,2019-02-15 ,b' RT @realsheepwolf: \xf0\x9f\xa6\x84 $FUSZ SITTING ON SUPPORT HERE...CRAZY FIRESALE....GREAT ENTRY #OPPORTUNITY \xf0\x9f\x91\x89FORTUNE 500 COMPANIES ALREADY KNOW HOW VAL\xe2\x80\xa6',5.0
|negative|,2019-02-15 ,"b"" RT @realsheepwolf: \xf0\x9f\xa6\x84 $FUSZD DID YOU MISS $WMT 1970, $MSFT 1986, $GOOG 2004, $CRM 2004 $NFLX 2002 WELL IT'S TIME TO BREAK THAT TREND $FUSZ I\xe2\x80\xa6""",-2.0
|neutral|,2019-02-15 ,b' New tech is reimagining the in-store experience $AMZN $PI $GOOG $MSFT $ROP  #AI #stocks #investing #investments\xe2\x80\xa6 https://t.co/Xes8hduVSI',0.0
|positive|,2019-02-15 ,"b' $FUSZD 15 minutes left to get those shares B4 Next Weeks Explosion! This #Tech #Stock IS 1 U WANT 2 #BuyNow  ""I\xe2\x80\x99ve\xe2\x80\xa6 https://t.co/Gn26GmEeMG'",2.0
|positive|,2019-02-15 ,"b' RT @UHDTrader: $FUSZD -THIS IS AMAZING, LIKE Investing in $AMZN $MSFT $AAPL OR ANY OF THE OTHER #TechGiants IN THEIR INFANCY.... $FUSZD ON\xe2\x80\xa6'",6.0
|positive|,2019-02-15 ,"b' RT @GetInEarly: \xe2\x99\xa5$FUSZD, VERB Technologies\xe2\x99\xa5 \xf0\x9f\x92\x8e100% BUY RATING \xf0\x9f\x92\x8eTOP 1% OF ALL STOCKS \xf0\x9f\x92\x8eNASDAQ UPLIST THIS MONTH \xf0\x9f\x92\x8ePARTNERS: $MSFT $AAPL $GOOG $\xe2\x80\xa6'",2.0
|neutral|,2019-02-15 ,b' Johnson &amp; Johnson $JNJ Holding Increased by Welch Group Llc; Cornerstone Advisors Cut Its Microsoft $MSFT Stake as\xe2\x80\xa6 https://t.co/j1lNfF28VF',0.0
|neutral|,2019-02-15 ,b' Axiom International Investors Has Upped Position in Microsoft $MSFT; Sand Hill Global Advisors Increases Stake in A\xe2\x80\xa6 https://t.co/R1642F1Go9',0.0
|positive|,2019-02-15 ,"b' RT @realsheepwolf: \xf0\x9f\xa6\x84 $FUSZD THIS IS AMAZING, LIKE WATCHING $AMZN $MSFT $AAPL OR ANY OF THE OTHER GREAT TECH COMPANIES IN THEIR INFANCY....\xe2\x80\xa6'",9.0
|positive|,2019-02-15 ,b' RT @realsheepwolf: \xf0\x9f\xa6\x84 $FUSZD: HEADED TO THE BIG BOARDS WITH ALL MAJOR TECH CORPS ONBOARD \xe2\x9c\x85TaggCRM now available in the $AAPL iTunes store an\xe2\x80\xa6',1.0
|positive|,2019-02-15 ,b' RT @realsheepwolf: \xf0\x9f\xa6\x84 $FUSZD: HEADED TO THE BIG BOARDS WITH ALL MAJOR TECH CORPS ONBOARD \xe2\x9c\x85TaggCRM now available in the $AAPL iTunes store an\xe2\x80\xa6',1.0
|neutral|,2019-02-15 ,b' Holderness Investments Company Maintains Stake in Microsoft $MSFT; As Tiffany &amp; Co New $TIF Market Valuation Declin\xe2\x80\xa6 https://t.co/95t0UrzROO',0.0
|neutral|,2019-02-15 ,b' Edgemoor Investment Advisors Continues to Hold Position in Lamar Advertising Co New $LAMR; Microsoft $MSFT Sharehol\xe2\x80\xa6 https://t.co/DkYv2N0lvY',0.0
|neutral|,2019-02-15 ,"b"" RT @ipoguy: It's inevitable that any day now the man himself will be shouting, pushing sound effect buttons and throwing his chair in the s\xe2\x80\xa6""",0.0
|positive|,2019-02-15 ,"b' RT @UHDTrader: $FUSZD -THIS IS AMAZING, LIKE Investing in $AMZN $MSFT $AAPL OR ANY OF THE OTHER #TechGiants IN THEIR INFANCY.... $FUSZD ON\xe2\x80\xa6'",6.0
|neutral|,2019-02-15 ,"b"" Sarah Sanders interviewed by Robert Mueller's office @CNNPolitics https://t.co/E6ioL7N63x  $SPY $ES_F $NQ_F $QQQ\xe2\x80\xa6 https://t.co/kVdgoK8rMy""",0.0
|neutral|,2019-02-15 ,"b"" RT @ipoguy: It's inevitable that any day now the man himself will be shouting, pushing sound effect buttons and throwing his chair in the s\xe2\x80\xa6""",0.0
|negative|,2019-02-15 ,b' I didn\xe2\x80\x99t trade today my my team was still killing it with $JPM $KO $MSFT $BMY https://t.co/abCkZJFgMS',-3.0
|positive|,2019-02-15 ,b' 2019 will be known as the year Enterprise #AugmentedReality gained traction and deployments started to occur at sca\xe2\x80\xa6 https://t.co/snmH6r5nx8',2.0
|neutral|,2019-02-15 ,b' RT @realsheepwolf: \xf0\x9f\xa6\x84 $FUSZD: DIP OPPORTUNITY FOR THOSE MISSING THIS EPIC RUN  \xf0\x9f\xa6\x84MERGER  AND #NASDAQ UPLISTING EOM \xf0\x9f\xa6\x84ONLY 12.2M O/S  $MSFT $OR\xe2\x80\xa6',0.0
|neutral|,2019-02-15 ,"b"" RT @ipoguy: $FUSZD There's a ton of speculation going on about @VerbTech_Co after today's consolidation. What will next week bring? Some ar\xe2\x80\xa6""",0.0
|neutral|,2019-02-15 ,"b"" RT @ipoguy: It's inevitable that any day now the man himself will be shouting, pushing sound effect buttons and throwing his chair in the s\xe2\x80\xa6""",0.0
|positive|,2019-02-15 ,b' RT @jctb1: $UBID  HUGE things going on with this company... read filings.. great entry point.. $ORCL $FB $MSFT $TWTR $ADBE $AMFE $AMRN $OZK\xe2\x80\xa6',4.0
|negative|,2019-02-15 ,"b' RT @JediJazz22: $SURG SurgePays Portal profit on 3rd party products across 40,000 Convenience stores = $14.4 million gross profit = $137 mi\xe2\x80\xa6'",-2.0
|neutral|,2019-02-15 ,b' Cortland Associates Has Raised Facebook A $FB Holding by $9.32 Million; Syntal Capital Partners Maintains Holding i\xe2\x80\xa6 https://t.co/UaqXdfny9S',0.0
|positive|,2019-02-15 ,b' RT @realsheepwolf: \xf0\x9f\xa6\x84 $FUSZD: HEADED TO THE BIG BOARDS WITH ALL MAJOR TECH CORPS ONBOARD \xe2\x9c\x85TaggCRM now available in the $AAPL iTunes store an\xe2\x80\xa6',1.0
|positive|,2019-02-15 ,"b' RT @UHDTrader: $FUSZD -THIS IS AMAZING, LIKE Investing in $AMZN $MSFT $AAPL OR ANY OF THE OTHER #TechGiants IN THEIR INFANCY.... $FUSZD ON\xe2\x80\xa6'",6.0
|positive|,2019-02-15 ,"b' Top #money flow today. Free stocks app https://t.co/B6pljuv3p6 $IEMG, $MSFT, $IWM, $AAPL, $EEM, $AMZN, $EFA, $PG,\xe2\x80\xa6 https://t.co/ilrn6WN7Zv'",3.0
|neutral|,2019-02-15 ,b' $SPY $QQQ $XLK $FB $AAPL $AMZN $NFLX $GOOG $MSFT https://t.co/nYssi050H6',0.0
|positive|,2019-02-15 ,"b' RT @UHDTrader: $FUSZD -THIS IS AMAZING, LIKE Investing in $AMZN $MSFT $AAPL OR ANY OF THE OTHER #TechGiants IN THEIR INFANCY.... $FUSZD ON\xe2\x80\xa6'",6.0
|positive|,2019-02-15 ,b' RT @jctb1: $SURG.. HUGE MOVES COMING..  https://t.co/MiqEpcPJD8  $ORCL $FB $MSFT $TWTR $ADBE $AMFE $AMRN $OZK $PHUN $HMNY $SIRI $CVSI $GOPH\xe2\x80\xa6',1.0
|positive|,2019-02-15 ,b' #estate asset watch - volume leaders Friday - $AMD $GE $BAC $CZR $NWL $NVDA $CTL $T $ECA $KO $VALE $MU $CHK $F\xe2\x80\xa6 https://t.co/A0YyDc1i2k',2.0
|neutral|,2019-02-15 ,"b"" RT @ipoguy: It's inevitable that any day now the man himself will be shouting, pushing sound effect buttons and throwing his chair in the s\xe2\x80\xa6""",0.0
|negative|,2019-02-15 ,"b"" $MSFT - Microsoft: Relax, The Sky Isn't Falling https://t.co/jXhJ1PaKSR""",-1.0
|neutral|,2019-02-15 ,"b"" RT @ipoguy: It's inevitable that any day now the man himself will be shouting, pushing sound effect buttons and throwing his chair in the s\xe2\x80\xa6""",0.0
|neutral|,2019-02-15 ,b' Seeing some size long volatility bets in large cap Tech for Apr. this afternoon w/ straddles in $TXN $IBM $MSFT bought',0.0
|positive|,2019-02-15 ,"b' RT @UHDTrader: $FUSZD -THIS IS AMAZING, LIKE Investing in $AMZN $MSFT $AAPL OR ANY OF THE OTHER #TechGiants IN THEIR INFANCY.... $FUSZD ON\xe2\x80\xa6'",6.0
|positive|,2019-02-15 ,b' RT @jctb1: $SURG.. HUGE MOVES COMING..  https://t.co/MiqEpcPJD8  $ORCL $FB $MSFT $TWTR $ADBE $AMFE $AMRN $OZK $PHUN $HMNY $SIRI $CVSI $GOPH\xe2\x80\xa6',1.0
|positive|,2019-02-15 ,"b' RT @GetInEarly: \xe2\x99\xa5$FUSZD, VERB Technologies\xe2\x99\xa5 \xf0\x9f\x92\x8e100% BUY RATING \xf0\x9f\x92\x8eTOP 1% OF ALL STOCKS \xf0\x9f\x92\x8eNASDAQ UPLIST THIS MONTH \xf0\x9f\x92\x8ePARTNERS: $MSFT $AAPL $GOOG $\xe2\x80\xa6'",2.0
|positive|,2019-02-15 ,b' $SURG.. HUGE MOVES COMING..  https://t.co/MiqEpcPJD8  $ORCL $FB $MSFT $TWTR $ADBE $AMFE $AMRN $OZK $PHUN $HMNY\xe2\x80\xa6 https://t.co/3ErmOVDzQA',1.0
|positive|,2019-02-15 ,"b' RT @realsheepwolf: \xf0\x9f\xa6\x84 $FUSZD THIS IS AMAZING, LIKE WATCHING $AMZN $MSFT $AAPL OR ANY OF THE OTHER GREAT TECH COMPANIES IN THEIR INFANCY....\xe2\x80\xa6'",9.0
|positive|,2019-02-15 ,"b' RT @UHDTrader: $FUSZD -THIS IS AMAZING, LIKE Investing in $AMZN $MSFT $AAPL OR ANY OF THE OTHER #TechGiants IN THEIR INFANCY.... $FUSZD ON\xe2\x80\xa6'",6.0
|positive|,2019-02-15 ,"b' RT @UHDTrader: $FUSZD -THIS IS AMAZING, LIKE Investing in $AMZN $MSFT $AAPL OR ANY OF THE OTHER #TechGiants IN THEIR INFANCY.... $FUSZD ON\xe2\x80\xa6'",6.0
|neutral|,2019-02-15 ,b' $GRDO.003 &amp; $IBGR.01 - George Sharp plays- Serious BUYING today-So-HOT! $AMZN $TSLA $WMT $TGT $NVDA $SPY $GLD $EBAY\xe2\x80\xa6 https://t.co/j6oUFT4y2e',0.0
|neutral|,2019-02-15 ,b' #index_fund where r u? who are changing the algorithm of index fund? $AAPL time.@jimcramer $MSFT $GOOGL $AMZN $FB\xe2\x80\xa6 https://t.co/6xbzhYsbqr',0.0
|positive|,2019-02-15 ,b' RT @realsheepwolf: \xf0\x9f\xa6\x84 $FUSZD: HEADED TO THE BIG BOARDS WITH ALL MAJOR TECH CORPS ONBOARD \xe2\x9c\x85TaggCRM now available in the $AAPL iTunes store an\xe2\x80\xa6',1.0
|neutral|,2019-02-15 ,b' High-return trading strategies available at Profectus Systems $AAPL $TSLA $VIX $SPY $SPX $UVXY $VXX $XIV $MSFT $AMZN $FB $INTC $GOOGL $T $VZ',0.0
|positive|,2019-02-15 ,b' RT @realsheepwolf: \xf0\x9f\xa6\x84 $FUSZD: HEADED TO THE BIG BOARDS WITH ALL MAJOR TECH CORPS ONBOARD \xe2\x9c\x85TaggCRM now available in the $AAPL iTunes store an\xe2\x80\xa6',1.0
|positive|,2019-02-15 ,b' \xe2\x80\x98Morning Joe\xe2\x80\x99 Rips Alexandria Ocasio-Cortez Over #Amazon Pull-Out: \xe2\x80\x98She Only Cares About Herself\xe2\x80\x99\xe2\x80\xa6 https://t.co/iRO4aKgNwI',2.0
|positive|,2019-02-15 ,"b' Now that earnings season has wrapped up for big names like $AAPL, $AMZN, $AMD, $ATVI, $MSFT, $NFLX, $NVDA and $TTWO\xe2\x80\xa6 https://t.co/sgDf1rJHXD'",3.0
|positive|,2019-02-15 ,"b' RT @UHDTrader: $FUSZD -THIS IS AMAZING, LIKE Investing in $AMZN $MSFT $AAPL OR ANY OF THE OTHER #TechGiants IN THEIR INFANCY.... $FUSZD ON\xe2\x80\xa6'",6.0
|positive|,2019-02-15 ,"b' RT @UHDTrader: $FUSZD -THIS IS AMAZING, LIKE Investing in $AMZN $MSFT $AAPL OR ANY OF THE OTHER #TechGiants IN THEIR INFANCY.... $FUSZD ON\xe2\x80\xa6'",6.0
|positive|,2019-02-15 ,"b' RT @UHDTrader: $FUSZD -THIS IS AMAZING, LIKE Investing in $AMZN $MSFT $AAPL OR ANY OF THE OTHER #TechGiants IN THEIR INFANCY.... $FUSZD ON\xe2\x80\xa6'",6.0
|positive|,2019-02-15 ,b' @WhiteHouse Protect only LEGAL immigrants/residents/citizens. Remove those free goodie wasting welfare incentives f\xe2\x80\xa6 https://t.co/k257wta2dS',1.0
